empresa;nome;logradouro;bairro;cidade;estado;regiao;cep;populacao;latitude;longitude;renda_domiciliar_per_capita;cidade_cod_ibge;data_extracao
petz;Petz Abelardo Bueno;Av. Embaixador Abelardo Bueno, 3140;Barra da Tijuca;Rio de Janeiro;RJ;Sudeste;22775-040;6729894.0;;;2490.0;3300100.0;08/10/2025
petz;Petz Aclimação;Rua Muniz de Sousa, 450;Aclimação;São Paulo;SP;Sudeste;01534-000;11895578.0;;;2662.0;3500105.0;08/10/2025
petz;Petz Afonso Pena;Av. Afonso Pena, 1022;Amambai;Campo Grande;MS;Centro-Oeste;79005-671;954537.0;;;2169.0;5000203.0;08/10/2025
petz;Petz Agamenon;Av. Gov. Agamenon Magalhães, 3855;Santo Amaro;Recife;PE;Nordeste;50050-290;1587707.0;;;1453.0;2600054.0;08/10/2025
petz;Petz Águas Claras;Av. Sibipiruna, 4;Águas Claras;Brasília;DF;Centro-Oeste;71928-720;2982818.0;;;3444.0;5300108.0;08/10/2025
petz;Petz Alameda Santos;Alameda Santos, 637;Cerqueira César;São Paulo;SP;Sudeste;01419-001;11895578.0;;;2662.0;3500105.0;08/10/2025
petz;Petz Aldeota;Av. Barão de Studart, 999;Aldeota;Fortaleza;CE;Nordeste;60120-001;2574412.0;;;1225.0;2300101.0;08/10/2025
petz;Petz Alphaville;Av. Alphaville, 580;Alphaville;Barueri;SP;Sudeste;06472-010;330339.0;;;2662.0;3500105.0;08/10/2025
petz;Petz Alto da Boa Vista;Av. Adolfo Pinheiro, 1600;Santo Amaro;São Paulo;SP;Sudeste;04734-004;11895578.0;;;2662.0;3500105.0;08/10/2025
petz;Petz Americana;Av. Paulista, 985;Vila Nossa Sra. de Fatima;Americana;SP;Sudeste;13478-580;246655.0;;;2662.0;3500105.0;08/10/2025
petz;Petz Ana Costa;Avenida Ana Costa, 215;Gonzaga;Santos;SP;Sudeste;11060-001;429567.0;;;2662.0;3500105.0;08/10/2025
petz;Petz Anália Franco;Av. Regente Feijó, 677;Vila Regente Feijó;São Paulo;SP;Sudeste;03342-000;11895578.0;;;2662.0;3500105.0;08/10/2025
petz;Petz Angélica;Av. Angélica, 2011;Higienópolis;São Paulo;SP;Sudeste;01227-200;11895578.0;;;2662.0;3500105.0;08/10/2025
petz;Petz Anhaia Mello;"Av. Prof. Luiz Ignacio Anhaia Mello, 5657
                                             - Junto ao Roldao";Vila Graciosa;São Paulo;SP;Sudeste;03295-000;11895578.0;;;2662.0;3500105.0;08/10/2025
petz;Petz Aracaju;Av. Ministro Geraldo Barreto Sobral, 140;Jardins;Aracaju;SE;Nordeste;49026-900;628849.0;;;1473.0;2800100.0;08/10/2025
petz;Petz Araçatuba;Av. Brasília, 2737;Vila Sao Paulo;Araçatuba;SP;Sudeste;16018-000;207775.0;;;2662.0;3500105.0;08/10/2025
petz;Petz Araraquara;Av.Padre Francisco Salles Culturato, 1272;Centro;Araraquara;SP;Sudeste;14802-000;252318.0;;;2662.0;3500105.0;08/10/2025
petz;Petz Arujá;"Estrada de Santa Isabel, 1278
                                             - Parque Nossa Sra. do Carmo";Brasil;Arujá;SP;Sudeste;07432-575;89943.0;;;2662.0;3500105.0;08/10/2025
petz;Petz Assaí Anchieta;Rua Garcia Lorca, 301;Paulicéia;São Bernardo do Campo;SP;Sudeste;09695-000;840499.0;;;2662.0;3500105.0;08/10/2025
petz;Petz Assaí Colinas;Av. Jorge Zarur, 100;Jardim Apolo;São José dos Campos;SP;Sudeste;12243-081;724756.0;;;2662.0;3500105.0;08/10/2025
petz;Petz Assaí Maracanã;"Rua José Higino, 115
                                             - Dentro do Assai Maracana";Maracanã;Rio de Janeiro;RJ;Sudeste;20520-201;6729894.0;;;2490.0;3300100.0;08/10/2025
petz;Petz Assaí Penha;Av. São Miguel, 962;Penha de França;São Paulo;SP;Sudeste;03620-000;11895578.0;;;2662.0;3500105.0;08/10/2025
petz;Petz Assis Chateaubriand;Av. Assis Chateaubriand, 17;St. Oeste;Goiânia;GO;Centro-Oeste;74130-015;1494599.0;;;2098.0;5200050.0;08/10/2025
petz;Petz Augusta;Rua Augusta , 215;Bela Vista;São Paulo;SP;Sudeste;01305-000;11895578.0;;;2662.0;3500105.0;08/10/2025
petz;Petz Avenida das Américas Recreio;Avenida das Américas, 12700;Barra da Tijuca;Rio de Janeiro;RJ;Sudeste;22793-329;6729894.0;;;2490.0;3300100.0;08/10/2025
petz;Petz Avenida do Contorno;Av. do Contorno, 2171;Santa Efigênia;Belo Horizonte;MG;Sudeste;30110-017;2416339.0;;;2001.0;3100104.0;08/10/2025
petz;Petz Avenida Dos Estados;Av. dos Estados, 6973;Parque Jaçatuba;Santo André;SP;Sudeste;09270-270;778711.0;;;2662.0;3500105.0;08/10/2025
petz;Petz Avenida Goiás;Avenida Goiás, 889;Santo Antônio;São Caetano do Sul;SP;Sudeste;09521-310;172109.0;;;2662.0;3500105.0;08/10/2025
petz;Petz Avenida Interlagos;Av. Interlagos, 2000;Jardim Marajoara;São Paulo;SP;Sudeste;04660-002;11895578.0;;;2662.0;3500105.0;08/10/2025
petz;Petz Avenida Milão;Av. Milão, 531;Jardim Europa;Goiânia;GO;Centro-Oeste;74325-030;1494599.0;;;2098.0;5200050.0;08/10/2025
petz;Petz Balneário Camboriú;Av. do Estado Dalmo Vieira, 4888;Estados;Balneário Camboriú;SC;Sul;88339-060;148758.0;;;2601.0;4200051.0;08/10/2025
petz;Petz Bandeirantes;Av. dos Bandeirantes, 2040;Vila Olímpia;São Paulo;SP;Sudeste;04553-902;11895578.0;;;2662.0;3500105.0;08/10/2025
petz;Petz Bangu Shopping;"Rua Fonseca, 240
                                             - Area Ext, proximo a Portaria 2";Bangu;Rio de Janeiro;RJ;Sudeste;21820-005;6729894.0;;;2490.0;3300100.0;08/10/2025
petz;Petz Barra Américas;"Avenida das Américas, 6571
                                             - Lote 02 Pal 45164";Barra da Tijuca;Rio de Janeiro;RJ;Sudeste;22793-080;6729894.0;;;2490.0;3300100.0;08/10/2025
petz;Petz Barreiro;Av. Sinfrônio Brochado, 1200;Barreiro;Belo Horizonte;MG;Sudeste;30640-000;2416339.0;;;2001.0;3100104.0;08/10/2025
petz;Petz Bauru;RUA RUBENS PAGANI , 444;Jardim Estoril;Bauru;SP;Sudeste;17016-210;391740.0;;;2662.0;3500105.0;08/10/2025
petz;Petz Belém;Av. Nª Sra. de Nazaré, 139;Nazaré;Belém;PA;Norte;66035-445;1398531.0;;;1344.0;1500107.0;08/10/2025
petz;Petz Belford Roxo;Av. Jorge Júlio da Costa dos Santos, 971;Centro;Belford Roxo;RJ;Sudeste;26130-010;518263.0;;;2490.0;3300100.0;08/10/2025
petz;Petz Bento Gonçalves;R. Fortaleza, 362;Botafogo;Bento Gonçalves;RS;Sul;95700-000;127775.0;;;2608.0;4300034.0;08/10/2025
petz;Petz BestCenter Jacareí;R. Barão de Jacareí, 625;Jardim Mesquita;Jacareí;SP;Sudeste;12308-000;249968.0;;;2662.0;3500105.0;08/10/2025
petz;Petz Betim;Av. Juiz Marco Tulio Isaac, 470;Parque das Industrias;Betim;MG;Sudeste;32671-072;429236.0;;;2001.0;3100104.0;08/10/2025
petz;Petz Blumenau;R. São Paulo, 1629;Itoupava Seca;Blumenau;SC;Sul;89030-001;380597.0;;;2601.0;4200051.0;08/10/2025
petz;Petz Boa Viagem;Rua Professor João Medeiros, 139;Boa Viagem;Recife;PE;Nordeste;51020-000;1587707.0;;;1453.0;2600054.0;08/10/2025
petz;Petz Bosque Maia;Av. Paulo Faccini, 1385;Macedo;Guarulhos;SP;Sudeste;07111-000;1345364.0;;;2662.0;3500105.0;08/10/2025
petz;Petz Botafogo;Rua General Polidoro, 113;Botafogo;Rio de Janeiro;RJ;Sudeste;22280-004;6729894.0;;;2490.0;3300100.0;08/10/2025
petz;Petz Botucatu;Av. Dr. Vital Brasil, 645;Vila Sao Lucio;Botucatu;SP;Sudeste;18603-193;150442.0;;;2662.0;3500105.0;08/10/2025
petz;Petz Brasília Asa Norte;"ST STN, Conjunto D, BLOCO 2/B, S/N
                                             - TERMINAL NORTE CONJ D BLOCO2/B";Asa Norte;Brasília;DF;Centro-Oeste;70770-100;2982818.0;;;3444.0;5300108.0;08/10/2025
petz;Petz Brasília Epia;Epia Sul, , Lote 3;Candangolândia;Brasília;DF;Centro-Oeste;71738-010;2982818.0;;;3444.0;5300108.0;08/10/2025
petz;Petz Brasília Jardim Botânico;"Av. Das Paineiras - Q. 1 Lote E , S/N
                                             - Proximo a Paroquia Santa Clara";Jardim Botânico;Brasília;DF;Centro-Oeste;71681-025;2982818.0;;;3444.0;5300108.0;08/10/2025
petz;Petz Brasília SIA;SIA trecho 02, Lotes 65/95 , 65/95;Guará I;Brasília;DF;Centro-Oeste;71200-207;2982818.0;;;3444.0;5300108.0;08/10/2025
petz;Petz Brasília W3 Norte;Comércio Residencial Norte, 502;SHCN;Brasília;DF;Centro-Oeste;70297-400;2982818.0;;;3444.0;5300108.0;08/10/2025
petz;Petz Brusque;R. Pref. Germano Schaeffer, 755;Centro 1;Brusque;SC;Sul;88353-020;151949.0;;;2601.0;4200051.0;08/10/2025
petz;Petz Bueno T63;"Av T63, S/N
                                             - Quadra 143 lote 4/13";Setor Bueno;Goiânia;GO;Centro-Oeste;74230-105;1494599.0;;;2098.0;5200050.0;08/10/2025
petz;Petz Butantã;"Av. Professor Francisco Morato, 1796
                                             - 1798";Butantã;São Paulo;SP;Sudeste;05512-200;11895578.0;;;2662.0;3500105.0;08/10/2025
petz;Petz Cambuí;Av. Doutor Moraes Sales, 2326;Nova Campinas;Campinas;SP;Sudeste;13100-201;1185977.0;;;2662.0;3500105.0;08/10/2025
petz;Petz Campinas Norte Sul;Av Jose de Sousa Campos, 200;Nova Campinas;Campinas;SP;Sudeste;13092-123;1185977.0;;;2662.0;3500105.0;08/10/2025
petz;Petz Campo Grande;Av. Afonso Pena, 5420;Chacara Cachoeira;Campo Grande;MS;Centro-Oeste;79040-010;954537.0;;;2169.0;5000203.0;08/10/2025
petz;Petz Campo Grande Rio;Estrada da Cachamorra, 200;Campo Grande;Rio de Janeiro;RJ;Sudeste;23040-125;6729894.0;;;2490.0;3300100.0;08/10/2025
petz;Petz Canoas;Avenida Getúlio Vargas, 6401;Marechal Rondon;Canoas;RS;Sul;92020-020;359554.0;;;2608.0;4300034.0;08/10/2025
petz;Petz Caraguatatuba;Rua Vereador Antônio Cruz Arouca, 200;Indaiá;Caraguatatuba;SP;Sudeste;11665-100;141084.0;;;2662.0;3500105.0;08/10/2025
petz;Petz Carapicuíba;Avenida Inocêncio Seráfico, 3375;Vila Silva Ribeiro;Carapicuíba;SP;Sudeste;06380-021;398462.0;;;2662.0;3500105.0;08/10/2025
petz;Petz Carlos Berta;R. Antônio Carlos Berta, 151;Jardim Europa;Porto Alegre;RS;Sul;91340-020;1389322.0;;;2608.0;4300034.0;08/10/2025
petz;Petz Carlos Luz;Avenida Presidente Carlos Luz, 710;Caiçaras;Belo Horizonte;MG;Sudeste;31230-010;2416339.0;;;2001.0;3100104.0;08/10/2025
petz;Petz Carrefour Anchieta;Av .Marginal Direita Anchieta, 3398;Jardim Maria Estela;São Paulo;SP;Sudeste;04246-900;11895578.0;;;2662.0;3500105.0;08/10/2025
petz;Petz Carrefour Imigrantes;"R. Ribeiro Lacerda, 940
                                             - Estacionamento G3 Carrefour";Bosque da Saúde;São Paulo;SP;Sudeste;04147-020;11895578.0;;;2662.0;3500105.0;08/10/2025
petz;Petz Carrefour Manilha;"R. Oliveira Botelho, 349
                                             - Dentro do Carrefour Manilha";Neves;São Gonçalo;RJ;Sudeste;24425-005;960652.0;;;2490.0;3300100.0;08/10/2025
petz;Petz Carrefour Ribeirão Shopping;"Av Coronel Fernando Ferreira Leite, 1540
                                             - Ribeirao Shopping";Jardim Califórnia;Ribeirão Preto;SP;Sudeste;14026-020;728400.0;;;2662.0;3500105.0;08/10/2025
petz;Petz Carrefour São Caetano;"Avenida do Estado, 1750
                                             - junto ao Carrefour";Fundação;São Caetano do Sul;SP;Sudeste;09550-400;172109.0;;;2662.0;3500105.0;08/10/2025
petz;Petz Carrefour Tietê;Av. Morvan Dias de Figueiredo, 3177;Vila Guilherme;São Paulo;SP;Sudeste;02063-902;11895578.0;;;2662.0;3500105.0;08/10/2025
petz;Petz Cascavel;Avenida Brasil, 4254;Centro;Cascavel;PR;Sul;85812-000;364104.0;;;2482.0;4100103.0;08/10/2025
petz;Petz Castelo;Av. Pres. Tancredo Neves, 3005;Paquetá;Belo Horizonte;MG;Sudeste;30840-535;2416339.0;;;2001.0;3100104.0;08/10/2025
petz;Petz Catuai Londrina;"Rod. Mabio Gonçalves Palhano, 195
                                             - em frente ao Catuaí Shopping";Gleba Fazenda Palhano;Londrina;PR;Sul;86055-585;577318.0;;;2482.0;4100103.0;08/10/2025
petz;Petz Cavalhada;Av. Eduardo Prado, 415;Cavalhada;Porto Alegre;RS;Sul;91751-000;1389322.0;;;2608.0;4300034.0;08/10/2025
petz;Petz Caxias do Sul;Av Rubens Bento Alves, 8457;Cinquentenário;Caxias do Sul;RS;Sul;95012-393;479256.0;;;2608.0;4300034.0;08/10/2025
petz;Petz Ceilândia;St. M-Norte , Q 1;Taguatinga;Brasília;DF;Centro-Oeste;72145-100;2982818.0;;;3444.0;5300108.0;08/10/2025
petz;Petz Center Minas;"Av. Pastor Anselmo Silvestre, 1395 , 1495
                                             - Shopping Center Minas";Dom Joaquim;Belo Horizonte;MG;Sudeste;31170-678;2416339.0;;;2001.0;3100104.0;08/10/2025
petz;Petz Center Shopping Uberlândia;Av. João Naves de Ávila, 1331;Tibery;Uberlândia;MG;Sudeste;38405-140;754954.0;;;2001.0;3100104.0;08/10/2025
petz;Petz Cerro Corá;Rua Cerro Corá, 1950;Vila Romana;São Paulo;SP;Sudeste;05061-300;11895578.0;;;2662.0;3500105.0;08/10/2025
petz;Petz Chapecó;Av. Fernando Machado, 1001D;Centro;Chapecó;SC;Sul;89802-111;275959.0;;;2601.0;4200051.0;08/10/2025
petz;Petz Cidade Jardim;"Av dos Tajuras, 147
                                             - 161";Cidade Jardim;São Paulo;SP;Sudeste;05670-000;11895578.0;;;2662.0;3500105.0;08/10/2025
petz;Petz Congonhas;"Av. Moreira Guimarães,  631 
                                             - 657";Indianópolis;São Paulo;SP;Sudeste;04074-030;11895578.0;;;2662.0;3500105.0;08/10/2025
petz;Petz Contagem;"Av. Babita Camargos, 1295
                                             - Loja 03";Cidade Industrial;Contagem;MG;Sudeste;32210-180;649975.0;;;2001.0;3100104.0;08/10/2025
petz;Petz Contagem João Cesar;Av. João César de Oliveira, 5750;Funcionários;Contagem;MG;Sudeste;32040-000;649975.0;;;2001.0;3100104.0;08/10/2025
petz;Petz Continente;R. Martinho Boschetti, 2083;Picadas do Sul;São José;SC;Sul;88106-110;289949.0;;;2601.0;4200051.0;08/10/2025
petz;Petz Copacabana;Av. Nossa Senhora de Copacabana, 1246;Copacabana;Rio de Janeiro;RJ;Sudeste;22070-012;6729894.0;;;2490.0;3300100.0;08/10/2025
petz;Petz Cotia;"Rodovia Raposo Tavares KM 21, 5650
                                             - Acesso tambem pela Rua Damasco";Lageadinho;Cotia;SP;Sudeste;06709-015;287004.0;;;2662.0;3500105.0;08/10/2025
petz;Petz Criciúma;Av. Centenário, 6323;Próspera;Criciúma;SC;Sul;88801-001;225281.0;;;2601.0;4200051.0;08/10/2025
petz;Petz Cristiano Machado;Av. Cristiano Machado, 10688;Jardim Guanabara;Belo Horizonte;MG;Sudeste;31742-005;2416339.0;;;2001.0;3100104.0;08/10/2025
petz;Petz Diadema;Av. Fábio Eduardo Ramos Esquivel, 1100;Centro;Diadema;SP;Sudeste;09920-578;404118.0;;;2662.0;3500105.0;08/10/2025
petz;Petz Diário de Notícias;Avenida Diário de Notícias, 1500;Cristal;Porto Alegre;RS;Sul;90810-080;1389322.0;;;2608.0;4300034.0;08/10/2025
petz;Petz Divinópolis;R. Minas Gerais, 640;Centro;Divinópolis;MG;Sudeste;35500-007;242328.0;;;2001.0;3100104.0;08/10/2025
petz;Petz Djalma Batista;Av. Djalma Batista, 3000;Chapada;Manaus;AM;Norte;69050-010;2279686.0;;;1238.0;1300029.0;08/10/2025
petz;Petz Dom Pedro;"Av. Guilherme Campos, 500
                                             - Shopping Parque Dom Pedro";Centro (Pq Dom Pedro Shopping);Campinas;SP;Sudeste;13087-901;1185977.0;;;2662.0;3500105.0;08/10/2025
petz;Petz Dourados;Av. Marcelino Pires, 4226;Jardim Caramuru;Dourados;MS;Centro-Oeste;79830-000;260640.0;;;2169.0;5000203.0;08/10/2025
petz;Petz Edgar Facó;Av. Gen. Edgar Facó, 848;Vila Arcadia;São Paulo;SP;Sudeste;02924-400;11895578.0;;;2662.0;3500105.0;08/10/2025
petz;Petz Enseada;"Av. Dom Pedro I, S/N
                                             - LOTE 1 E 2";ENSEADA;Guarujá;SP;Sudeste;11440-110;294973.0;;;2662.0;3500105.0;08/10/2025
petz;Petz Estação Goiânia;"Avenida Goiás, 2151
                                             - QD 21, Lote. Area Compl. Qd 2.";Setor Central;Goiânia;GO;Centro-Oeste;74010-010;1494599.0;;;2098.0;5200050.0;08/10/2025
petz;Petz Fernando Corrêa;Avenida Fernando Corrêa da Costa, 1682;Pico do Amor;Cuiabá;MT;Centro-Oeste;78065-000;682932.0;;;2276.0;5100102.0;08/10/2025
petz;Petz Ferraz de Vasconcelos;Avenida Brasil, 2015;Vila Romanopolis;Ferraz de Vasconcelos;SP;Sudeste;08529-310;185622.0;;;2662.0;3500105.0;08/10/2025
petz;Petz Florianópolis;"Rodovia José Carlos Daux, 5500
                                             - Square SC Corporate";Saco Grande;Florianópolis;SC;Sul;88032-005;576361.0;;;2601.0;4200051.0;08/10/2025
petz;Petz Foz do Iguaçu;Av. Paraná, 1314;Região Central;Foz do Iguaçu;PR;Sul;85863-754;295500.0;;;2482.0;4100103.0;08/10/2025
petz;Petz Franca;Av. Dr. Ismael Alonso Y Alonso, 450;Jardim Veneza;Franca;SP;Sudeste;14400-190;364331.0;;;2662.0;3500105.0;08/10/2025
petz;Petz Gama Leste;SIND QI 1 - Pte. Alta Norte, S/N;Gama;Brasília;DF;Centro-Oeste;72445-010;2982818.0;;;3444.0;5300108.0;08/10/2025
petz;Petz Gastão Vidigal;Av. Dr. Gastão Vidigal, 1555;Vila Leopoldina;São Paulo;SP;Sudeste;05314-000;11895578.0;;;2662.0;3500105.0;08/10/2025
petz;Petz Gilberto Salomão;BL. F, Shis Qi 5 Conjunto 16, 5;Lago Sul;Brasília;DF;Centro-Oeste;71615-560;2982818.0;;;3444.0;5300108.0;08/10/2025
petz;Petz Giovanni Gronchi;Av. Giovanni Gronchi, 3280;Vila Sonia;São Paulo;SP;Sudeste;05651-002;11895578.0;;;2662.0;3500105.0;08/10/2025
petz;Petz Giovanni Pirelli;Rua Giovanni  Battista Pirelli, 1645;Vila Homero Thon;Santo André;SP;Sudeste;09111-340;778711.0;;;2662.0;3500105.0;08/10/2025
petz;Petz Governador Valadares;Av. Brasil, 3611;Centro;Governador Valadares;MG;Sudeste;35010-070;266649.0;;;2001.0;3100104.0;08/10/2025
petz;Petz Gravataí;"Av. Dorival Candido Luz de Oliveira, 900
                                             - Cohab C";Centro;Gravataí;RS;Sul;94030-000;275294.0;;;2608.0;4300034.0;08/10/2025
petz;Petz Guarujá;Av. Adhemar de Barros, 1935;Jardim Helena Maria;Guarujá;SP;Sudeste;11430-003;294973.0;;;2662.0;3500105.0;08/10/2025
petz;Petz Guarulhos;Av. Guarulhos, 2598;Ponte Grande;Guarulhos;SP;Sudeste;07022-020;1345364.0;;;2662.0;3500105.0;08/10/2025
petz;Petz Guarulhos Pimentas;Estr. Juscelino Kubtischek de Oliv., 4380;Jardim Albertina;Guarulhos;SP;Sudeste;07252-000;1345364.0;;;2662.0;3500105.0;08/10/2025
petz;Petz Hiper Sales Aracaju;Av. Augusto Franco, 2500;Ponto Novo;Aracaju;SE;Nordeste;49097-670;628849.0;;;1473.0;2800100.0;08/10/2025
petz;Petz Hortolândia;Av. Santana, 970;Parque Ortolândia;Hortolândia;SP;Sudeste;13184-210;247331.0;;;2662.0;3500105.0;08/10/2025
petz;Petz Iguatemi Esplanada;"Av.  Gisele Constantino, 1850
                                             - Shopping Iguatemi Esplanada";Parque Bela Vista;Votorantim;SP;Sudeste;18110-650;132849.0;;;2662.0;3500105.0;08/10/2025
petz;Petz Ilha do Governador;Estrada do Galeão, 1770;Jardim Carioca;Rio de Janeiro;RJ;Sudeste;21931-524;6729894.0;;;2490.0;3300100.0;08/10/2025
petz;Petz Indaiatuba;"Alameda Filtros Mann, 670 
                                             - Polo Shopping Indaiatuba";Jardim Tropical;Indaiatuba;SP;Sudeste;13344-580;267796.0;;;2662.0;3500105.0;08/10/2025
petz;Petz Independência Shopping;Av. Presidente Itamar Franco, 3600;Cascatinha;Juiz de Fora;MG;Sudeste;36025-290;565764.0;;;2001.0;3100104.0;08/10/2025
petz;Petz Ipatinga;Av Claudio Moura, 801;Novo Cruzeiro;Ipatinga;MG;Sudeste;35164-840;235445.0;;;2001.0;3100104.0;08/10/2025
petz;Petz Ipiranga;Av. Presidente Tancredo Neves, 600;Ipiranga;São Paulo;SP;Sudeste;04287-010;11895578.0;;;2662.0;3500105.0;08/10/2025
petz;Petz Itaim;R. Bandeira Paulista, 982;Itaim Bibi;São Paulo;SP;Sudeste;04532-003;11895578.0;;;2662.0;3500105.0;08/10/2025
petz;Petz Itajaí;Av. Ver. Abrahão João Francisco, 3400;Ressacada;Itajaí;SC;Sul;88307-302;287289.0;;;2601.0;4200051.0;08/10/2025
petz;Petz Itanhaém;Av. Rui Barbosa, 540;Centro;Itanhaém;SP;Sudeste;11740-000;117435.0;;;2662.0;3500105.0;08/10/2025
petz;Petz Itapecerica;Estr. de Itapecerica, 944;Vila das Belezas;São Paulo;SP;Sudeste;05835-003;11895578.0;;;2662.0;3500105.0;08/10/2025
petz;Petz Itapetininga;Av. Peixoto Gomide, 317;Centro;Itapetininga;SP;Sudeste;18200-160;163774.0;;;2662.0;3500105.0;08/10/2025
petz;Petz Itatiba;Avenida Marechal Castelo Branco, 55;Jardim de Lucca;Itatiba;SP;Sudeste;13255-350;126403.0;;;2662.0;3500105.0;08/10/2025
petz;Petz Itu;Av. Dr. Otaviano Pereira Mendes, 1254;Liberdade;Itu;SP;Sudeste;13301-000;174561.0;;;2662.0;3500105.0;08/10/2025
petz;Petz Jaboatão dos Guararapes;Av. Ayrton Senna da Silva, 1485;Piedade;Jaboatão dos Guararapes;PE;Nordeste;54420-700;683285.0;;;1453.0;2600054.0;08/10/2025
petz;Petz Jacu Pêssego;Av Jacu Pêssego , 4710;Itaquera;São Paulo;SP;Sudeste;08215-115;11895578.0;;;2662.0;3500105.0;08/10/2025
petz;Petz Jaguaré;"Avenida Corifeu de Azevedo Marques, 4529
                                             - lado impar da Corifeu";Vila Lageado;São Paulo;SP;Sudeste;05339-003;11895578.0;;;2662.0;3500105.0;08/10/2025
petz;Petz Jardim Botânico;R. Jardim Botânico, 733;Lagoa;Rio de Janeiro;RJ;Sudeste;22470-051;6729894.0;;;2490.0;3300100.0;08/10/2025
petz;Petz Jardim Icaraí;R. Dr. Paulo César, 249;Santa Rosa;Niterói;RJ;Sudeste;24240-000;516720.0;;;2490.0;3300100.0;08/10/2025
petz;Petz Jaú;Avenida Doutor Quinzinho , 51;Chácara Peccioli;Jaú;SP;Sudeste;17210-110;137323.0;;;2662.0;3500105.0;08/10/2025
petz;Petz João Firmino;Av. João Firmino, 342;Assunção;São Bernardo do Campo;SP;Sudeste;09810-250;840499.0;;;2662.0;3500105.0;08/10/2025
petz;Petz João Pessoa;Av. Senador Ruy Carneiro, 711;Tambau;João Pessoa;PB;Nordeste;58039-180;888679.0;;;1401.0;2500106.0;08/10/2025
petz;Petz Joinville;R. Dr. João Colin, 940;América;Joinville;SC;Sul;89204-070;654888.0;;;2601.0;4200051.0;08/10/2025
petz;Petz Juiz de Fora;Avenida Rio Branco, 3820;Alto dos Passos;Juiz de Fora;MG;Sudeste;36026-500;565764.0;;;2001.0;3100104.0;08/10/2025
petz;Petz Jundiaí;"Av. Antonio Frederico Ozanan, 3003
                                             - Junto ao Atacadista Roldao";Vila de Vito;Jundiaí;SP;Sudeste;13215-010;460313.0;;;2662.0;3500105.0;08/10/2025
petz;Petz Jundiaí Anhanguera;Av. Dr. Adilson Rodrigues, 77;Jundiaí;Jundiaí;SP;Sudeste;13211-685;460313.0;;;2662.0;3500105.0;08/10/2025
petz;Petz Lauzane Paulista;Avenida Direitos Humanos, 1436;Lauzane Paulista;São Paulo;SP;Sudeste;02475-001;11895578.0;;;2662.0;3500105.0;08/10/2025
petz;Petz Limão;Av. Otaviano Alves de Lima, 1480;Limão;São Paulo;SP;Sudeste;02501-000;11895578.0;;;2662.0;3500105.0;08/10/2025
petz;Petz Linha Verde;Av. Caviúna, 548;Atuba;Curitiba;PR;Sul;82840-123;1829225.0;;;2482.0;4100103.0;08/10/2025
petz;Petz Litoral Plaza;"Av. Ayrton Senna da Silva, 1511
                                             - Loja Ext. V - Litoral Plaza";Tude Bastos;Praia Grande;SP;Sudeste;11726-000;365577.0;;;2662.0;3500105.0;08/10/2025
petz;Petz Londrina Tiradentes;Av. Tiradentes, 1919;Rodocentro;Londrina;PR;Sul;86071-000;577318.0;;;2482.0;4100103.0;08/10/2025
petz;Petz Manuel Gaya;Rua Manuel Gaya, 2000;Vila Mazzei;São Paulo;SP;Sudeste;02313-000;11895578.0;;;2662.0;3500105.0;08/10/2025
petz;Petz Maraponga;Av. Godofredo Maciel, 2560;Mondubim;Fortaleza;CE;Nordeste;60710-684;2574412.0;;;1225.0;2300101.0;08/10/2025
petz;Petz Marechal Tito;"Avenida Marechal Tito,  5699
                                             - Junto ao MercadoCar";Itaim Paulista;São Paulo;SP;Sudeste;08115-100;11895578.0;;;2662.0;3500105.0;08/10/2025
petz;Petz Marginal Tietê 24h;R. Dr. Miguel Paulo Capalbo, 166;Pari;São Paulo;SP;Sudeste;03035-040;11895578.0;;;2662.0;3500105.0;08/10/2025
petz;Petz Maringá;Av. Paraná, 1250;Zona 7;Maringá;PR;Sul;87020-085;425983.0;;;2482.0;4100103.0;08/10/2025
petz;Petz Mateus Leme;Rua Mateus Leme, 1875;Bom Retiro;Curitiba;PR;Sul;80520-174;1829225.0;;;2482.0;4100103.0;08/10/2025
petz;Petz Mauro Ramos;Av. Mauro Ramos, 1586;Centro;Florianópolis;SC;Sul;88020-302;576361.0;;;2601.0;4200051.0;08/10/2025
petz;Petz Miguel Sutil;Av. Miguel Sutil , 10000;Jardim Mariana;Cuiabá;MT;Centro-Oeste;78040-790;682932.0;;;2276.0;5100102.0;08/10/2025
petz;Petz Mogi das Cruzes;Av. Francisco Rodrigues Filho, 1550;Botujuru;Mogi das Cruzes;SP;Sudeste;08840-000;468120.0;;;2662.0;3500105.0;08/10/2025
petz;Petz Mogi Guaçu;Av. Mogi Mirim, 970;Areião;Mogi Guaçu;SP;Sudeste;13844-110;159735.0;;;2662.0;3500105.0;08/10/2025
petz;Petz Moinhos de Vento;Rua Quintino Bocaiúva, 433;Floresta;Porto Alegre;RS;Sul;90440-051;1389322.0;;;2608.0;4300034.0;08/10/2025
petz;Petz Mooca;Av. Paes de Barros, 1654;Mooca;São Paulo;SP;Sudeste;03114-001;11895578.0;;;2662.0;3500105.0;08/10/2025
petz;Petz Mooca Plaza Shopping;R. Cap. Pacheco e Chaves, 313;Vila Prudente;São Paulo;SP;Sudeste;03126-000;11895578.0;;;2662.0;3500105.0;08/10/2025
petz;Petz Morumbi;Rua Aureliano Guimarães, 201;Morumbi;São Paulo;SP;Sudeste;05727-160;11895578.0;;;2662.0;3500105.0;08/10/2025
petz;Petz Nações Unidas;Avenida das Nações Unidas, 20727;Vila Almeida;São Paulo;SP;Sudeste;04795-100;11895578.0;;;2662.0;3500105.0;08/10/2025
petz;Petz Natal;Av. Sen. Salgado Filho, 2431;Lagoa Nova;Natal;RN;Nordeste;59075-000;785368.0;;;1616.0;2400109.0;08/10/2025
petz;Petz Natal Zona Norte;Av. Dr. João Medeiros Filho, 1420;Potengi;Natal;RN;Nordeste;59108-550;785368.0;;;1616.0;2400109.0;08/10/2025
petz;Petz Nordestina;Av. Nordestina, 2740;Cidade Nova São Miguel;São Paulo;SP;Sudeste;08042-117;11895578.0;;;2662.0;3500105.0;08/10/2025
petz;Petz Norte Sul Plaza;"Av. Presidente Ernesto Geisel, 2300
                                             - Shopping Norte Sul Plaza";Jardim Joquei Club;Campo Grande;MS;Centro-Oeste;79080-105;954537.0;;;2169.0;5000203.0;08/10/2025
petz;Petz Nossa Senhora do Carmo;Av. Nossa Senhora do Carmo, 1448;São Pedro;Belo Horizonte;MG;Sudeste;30330-000;2416339.0;;;2001.0;3100104.0;08/10/2025
petz;Petz Nova Iguaçu;Av. Abílio Augusto Távora, 292;Jardim Alvorada;Nova Iguaçu;RJ;Sudeste;26265-090;843046.0;;;2490.0;3300100.0;08/10/2025
petz;Petz Novo Hamburgo;Rua Castro Alves, 205;Rio Branco;Novo Hamburgo;RS;Sul;93310-270;235879.0;;;2608.0;4300034.0;08/10/2025
petz;Petz Olinda;R. Carmelita Muniz de Araújo, 225;Casa Caiada;Olinda;PE;Nordeste;53130-645;365402.0;;;1453.0;2600054.0;08/10/2025
petz;Petz Osasco;"Av. dos Autonomistas, 1473
                                             - Parte A";Vila Yara;Osasco;SP;Sudeste;06090-010;756952.0;;;2662.0;3500105.0;08/10/2025
petz;Petz Pacaembu;Praça Charles Miller, 117;Pacaembu;São Paulo;SP;Sudeste;01234-010;11895578.0;;;2662.0;3500105.0;08/10/2025
petz;Petz Palmas;Q. 101 Sul Avenida LO 3, S/N;Plano Diretor Sul;Palmas;TO;Norte;77015-002;323625.0;;;1737.0;1700251.0;08/10/2025
petz;Petz Pampulha;Av. Professor Magalhães Penido, 1000;Liberdade;Belo Horizonte;MG;Sudeste;31270-652;2416339.0;;;2001.0;3100104.0;08/10/2025
petz;Petz Pão de Açúcar Jabaquara;Av. Eng. Armando de Arruda Pereira, 1900;Jardim Oriental;São Paulo;SP;Sudeste;04308-001;11895578.0;;;2662.0;3500105.0;08/10/2025
petz;Petz Parada de Taipas;Av. Raimundo Pereira de Magalhães, 12219;Parada De Taipas;São Paulo;SP;Sudeste;02989-095;11895578.0;;;2662.0;3500105.0;08/10/2025
petz;Petz ParkShopping Brasília;"ParkShopping Brasília,  
                                             - SMAS Trecho 1";Guará;Brasília;DF;Centro-Oeste;71219-900;2982818.0;;;3444.0;5300108.0;08/10/2025
petz;Petz Parnamirim;Av. Dezessete de Agosto, 295;Parnamirim;Recife;PE;Nordeste;52060-590;1587707.0;;;1453.0;2600054.0;08/10/2025
petz;Petz Parque Flamboyant;"Av. Deputado Jamel Cecílio, 2697
                                             - quadra B16, lotes 17/19";Jardim Goiás;Goiânia;GO;Centro-Oeste;74810-100;1494599.0;;;2098.0;5200050.0;08/10/2025
petz;Petz Parque Shopping Bahia;Avenida Santos Dumont, 4360;Centro;Lauro de Freitas;BA;Nordeste;42702-400;217960.0;;;1366.0;2900108.0;08/10/2025
petz;Petz Parque Shopping Maceió;Av. Comendador Gustavo Paiva, 5945;Cruz das Almas;Maceió;AL;Nordeste;57038-000;994464.0;;;1331.0;2700102.0;08/10/2025
petz;Petz Passeio das Águas;"Av. Perimetral Norte, 8303
                                             - Fazenda das Caveiras";Passeio das Águas;Goiânia;GO;Centro-Oeste;74445-360;1494599.0;;;2098.0;5200050.0;08/10/2025
petz;Petz Pelotas;Avenida Ferreira Viana, 1511;Areal;Pelotas;RS;Sul;96085-000;336131.0;;;2608.0;4300034.0;08/10/2025
petz;Petz Pereira Barreto;"Rua Thales Dos Santos Freire, 36
                                             - Quadra 8B LOT 26,27,28,29 e 30";Baeta Neves;São Bernardo do Campo;SP;Sudeste;09751-020;840499.0;;;2662.0;3500105.0;08/10/2025
petz;Petz Pindamonhangaba;Av. Dr. Jorge Tibiriçá, 593;Chácara Galega;Pindamonhangaba;SP;Sudeste;12422-050;172027.0;;;2662.0;3500105.0;08/10/2025
petz;Petz Piracicaba;Av. Centenário, 780;São Dimas;Piracicaba;SP;Sudeste;13416-000;438827.0;;;2662.0;3500105.0;08/10/2025
petz;Petz Pituba;Av. Manoel Dias da Silva, 1251;Pituba;Salvador;BA;Nordeste;41830-001;2568928.0;;;1366.0;2900108.0;08/10/2025
petz;Petz Plaza Avenida Shopping;"Av. José Munia, 4775
                                             - Shopping Plaza Avenida, Piso T";Redentor;São José do Rio Preto;SP;Sudeste;15085-350;501597.0;;;2662.0;3500105.0;08/10/2025
petz;Petz Poços de Caldas;Av. João Pinheiro, 711;Centro;Poços de Caldas;MG;Sudeste;37701-387;171533.0;;;2001.0;3100104.0;08/10/2025
petz;Petz Pompeia;"Av. Francisco Matarazzo, 2000
                                             - Complexo SP MEGA STORES";Água Branca;São Paulo;SP;Sudeste;05001-200;11895578.0;;;2662.0;3500105.0;08/10/2025
petz;Petz Ponta Verde;R. Prof. Sandoval Arroxelas, 1078;Ponta Verde;Maceió;AL;Nordeste;57035-230;994464.0;;;1331.0;2700102.0;08/10/2025
petz;Petz Porto Velho Shopping;Av. Pref. Chiquilito Erse, 3288;Flodoaldo Pontes Pinto;Porto Velho;RO;Norte;76820-408;514873.0;;;1717.0;1100015.0;08/10/2025
petz;Petz Praia Grande;Av. Presidente Kennedy, 2900;Guilhermina;Praia Grande;SP;Sudeste;11600-000;365577.0;;;2662.0;3500105.0;08/10/2025
petz;Petz Presidente Kennedy;"Av. Sgt. Hermínio Sampaio, 2965
                                             - ao lado do Assai Atacadista";Pres. Kennedy;Fortaleza;CE;Nordeste;60355-503;2574412.0;;;1225.0;2300101.0;08/10/2025
petz;Petz Presidente Prudente;Av. Manoel Goulart, 2671;Centro Educacional;Presidente Prudente;SP;Sudeste;19010-000;234083.0;;;2662.0;3500105.0;08/10/2025
petz;Petz Protásio Alves;"Av. Protásio Alves, 4194
                                             - Loja 2";Petrópolis;Porto Alegre;RS;Sul;91310-000;1389322.0;;;2608.0;4300034.0;08/10/2025
petz;Petz Radial Leste;Av. Alcântara Machado , 3300;bras;São Paulo;SP;Sudeste;03102-007;11895578.0;;;2662.0;3500105.0;08/10/2025
petz;Petz Raja Gabaglia;Avenida Raja Gabaglia, 3230;Estoril Belo Horizonte;Belo Horizonte;MG;Sudeste;30360-670;2416339.0;;;2001.0;3100104.0;08/10/2025
petz;Petz Ribeirão Independência;Avenida Independência , 1810;Jardim Sumare;Ribeirão Preto;SP;Sudeste;14025-393;728400.0;;;2662.0;3500105.0;08/10/2025
petz;Petz Ribeirão Presidente Vargas;Av. Pres. Vargas, 2265;Jardim Santa Ângela;Ribeirão Preto;SP;Sudeste;14020-525;728400.0;;;2662.0;3500105.0;08/10/2025
petz;Petz Ricardo Jafet;Av. Dr. Ricardo Jafet, 1750;Vila Mariana;São Paulo;SP;Sudeste;04260-000;11895578.0;;;2662.0;3500105.0;08/10/2025
petz;Petz Rio Claro;Avenida Presidente Kennedy, 414;Estadio;Rio Claro;SP;Sudeste;13501-270;208857.0;;;2662.0;3500105.0;08/10/2025
petz;Petz Rio Grande;Avenida Presidente Vargas, 794;Vila Junção;Rio Grande;RS;Sul;96202-188;198958.0;;;2608.0;4300034.0;08/10/2025
petz;Petz Riomar;"Av. República do Líbano, 251
                                             - Shopping RioMar Recife";Pina;Recife;PE;Nordeste;51110-131;1587707.0;;;1453.0;2600054.0;08/10/2025
petz;Petz Rio Verde;Av. Pres. Vargas Q 37, 27;Jardim Pres.;Rio Verde;GO;Centro-Oeste;75908-420;238025.0;;;2098.0;5200050.0;08/10/2025
petz;Petz Rita Maria;Rua Henrique Valgas, 64;Centro;Florianópolis;SC;Sul;88010-220;576361.0;;;2601.0;4200051.0;08/10/2025
petz;Petz Roberto Freire;Avenida Engenheiro Roberto Freire, 20;Capim Macio;Natal;RN;Nordeste;59078-570;785368.0;;;1616.0;2400109.0;08/10/2025
petz;Petz Ruben Bento Alves;Av. Rubem Bento Alves, 3483;Universitário;Caxias do Sul;RS;Sul;95032-440;479256.0;;;2608.0;4300034.0;08/10/2025
petz;Petz Salvador Bonocô;Av. Mario Leal Ferreira, 500;Bonocô;Salvador;BA;Nordeste;40285-600;2568928.0;;;1366.0;2900108.0;08/10/2025
petz;Petz Salvador Paralela;Av. Luís Viana, 2768;Imbuí;Salvador;BA;Nordeste;41720-200;2568928.0;;;1366.0;2900108.0;08/10/2025
petz;Petz Samambaia do Sul;"Quadra 302, S/N
                                             - Conjunto 7";Samambaia do Sul;Brasília;DF;Centro-Oeste;72300-630;2982818.0;;;3444.0;5300108.0;08/10/2025
petz;Petz Santa Bárbara D'Oeste;Av. Corifeu de Azevedo Marques, 1102;Colina;Santa Bárbara d;SP;;13450-088;;;;;;08/10/2025
petz;Petz Santa Cecília;Av. General Olímpio da Silveira, 68;Santa Cecília;São Paulo;SP;Sudeste;01150-000;11895578.0;;;2662.0;3500105.0;08/10/2025
petz;Petz Santa Maria;Av. Hélvio Basso, 1201;Duque de Caxias;Santa Maria;RS;Sul;97070-805;282244.0;;;2608.0;4300034.0;08/10/2025
petz;Petz Santo André;Av. Ramiro Colleoni , 355;Vila Assunção;Santo André;SP;Sudeste;09040-160;778711.0;;;2662.0;3500105.0;08/10/2025
petz;Petz Santo André Dom Pedro;Av. Dom Pedro II, 933;Jardim;Santo André;SP;Sudeste;09080-110;778711.0;;;2662.0;3500105.0;08/10/2025
petz;Petz Santos Dumont;Avenida Santos Dumont, 5650;Cocó;Fortaleza;CE;Nordeste;60192-018;2574412.0;;;1225.0;2300101.0;08/10/2025
petz;Petz Santos Macuco;Rua Dr. Manoel Tourinho, 385;Macuco;Santos;SP;Sudeste;11015-031;429567.0;;;2662.0;3500105.0;08/10/2025
petz;Petz São Bernardo;"Av. Rotary, 825
                                             - junto ao Center Castilho";Centro;São Bernardo do Campo;SP;Sudeste;09721-000;840499.0;;;2662.0;3500105.0;08/10/2025
petz;Petz São Carlos;Av. Francisco Pereira Lopes, 1701;Parque Maria Santa Mônica;São Carlos;SP;Sudeste;13561-250;265294.0;;;2662.0;3500105.0;08/10/2025
petz;Petz São José do Rio Preto;Av. Pres. Juscelino K. Oliveira, 400;Jardim Maracanã;São José do Rio Preto;SP;Sudeste;15092-175;501597.0;;;2662.0;3500105.0;08/10/2025
petz;Petz São Leopoldo;Av. Getúlio Vargas, 1802;Fião;São Leopoldo;RS;Sul;93020-566;225669.0;;;2608.0;4300034.0;08/10/2025
petz;Petz São Luís;Av. Daniel De La Touch, 10240;Vila Vicente Fialho;São Luís;MA;Nordeste;65074-115;1088057.0;;;1077.0;2100055.0;08/10/2025
petz;Petz São Miguel;Av. São Miguel, 7988;Vila Norma;São Paulo;SP;Sudeste;08070-001;11895578.0;;;2662.0;3500105.0;08/10/2025
petz;Petz São Vicente;Avenida Antônio Emmerick, 23;Vila Cascatinha;São Vicente;SP;Sudeste;11390-001;338407.0;;;2662.0;3500105.0;08/10/2025
petz;Petz Seminário;Av. Nossa Senhora Aparecida, 582;Seminário;Curitiba;PR;Sul;80440-000;1829225.0;;;2482.0;4100103.0;08/10/2025
petz;Petz Serra;Avenida Eldes Scherrer Souza, 1511;Parque Res. Laranjeiras;Serra;ES;Sudeste;29165-680;572274.0;;;2111.0;3200102.0;08/10/2025
petz;Petz Sete Lagoas;Avenida Raquel Teixeira Viana, 983;Canaã;Sete Lagoas;MG;Sudeste;35700-293;237931.0;;;2001.0;3100104.0;08/10/2025
petz;Petz Shopping CenterVale;Av. Deputado Benedito Matarazzo, 9403;Jardim Oswaldo Cruz;São José dos Campos;SP;Sudeste;12215-900;724756.0;;;2662.0;3500105.0;08/10/2025
petz;Petz Shopping Golden Square;Avenida Kennedy, 700;Jardim do Mar;São Bernardo do Campo;SP;Sudeste;09726-252;840499.0;;;2662.0;3500105.0;08/10/2025
petz;Petz Shopping Grande Rio;R. Maria Soares Sendas, 111;Parque Barreto;São João de Meriti;RJ;Sudeste;25575-825;466536.0;;;2490.0;3300100.0;08/10/2025
petz;Petz Shopping Grand Plaza;Av. Industrial, 600;Centro;Santo André;SP;Sudeste;09080-510;778711.0;;;2662.0;3500105.0;08/10/2025
petz;Petz Shopping Itaguaçu;R. Gerôncio Thives, 1079;Barreiros;São José;SC;Sul;88117-292;289949.0;;;2601.0;4200051.0;08/10/2025
petz;Petz Shopping Jockey Plaza;R. Konrad Adenauer, 370;Tarumã;Curitiba;PR;Sul;82821-020;1829225.0;;;2482.0;4100103.0;08/10/2025
petz;Petz Shopping Mauá;Av. Gov. Mario Covas Júnior, 01;Centro;Mauá;SP;Sudeste;09390-040;429380.0;;;2662.0;3500105.0;08/10/2025
petz;Petz Shopping Pantanal;Av. Historiador Rubens de Mendonça, 3.300;Jardim Aclimacao;Cuiabá;MT;Centro-Oeste;78050-250;682932.0;;;2276.0;5100102.0;08/10/2025
petz;Petz Shopping Sul Valparaíso;Q. 1 Valparaíso Shopping, S/N;Parque Esplanada III;Valparaíso de Goiás;GO;Centro-Oeste;72876-902;213506.0;;;2098.0;5200050.0;08/10/2025
petz;Petz Silva Jardim;Rua João Negrão, 1028;Rebouças;Curitiba;PR;Sul;82590-300;1829225.0;;;2482.0;4100103.0;08/10/2025
petz;Petz Silviano Brandão;Av. Silviano Brandão, 2457;Sagrada Família;Belo Horizonte;MG;Sudeste;31015-015;2416339.0;;;2001.0;3100104.0;08/10/2025
petz;Petz Sorocaba;Av. Dom Aguirre, 2121;Santa Rosália;Sorocaba;SP;Sudeste;18035-095;757459.0;;;2662.0;3500105.0;08/10/2025
petz;Petz Sorocaba Tauste;"Avenida General Carneiro, 1120
                                             - Loja 08";Vila Lucy;Sorocaba;SP;Sudeste;18043-003;757459.0;;;2662.0;3500105.0;08/10/2025
petz;Petz Sumaré;Av. da Amizade, 2371;Parque Euclides Miranda;Sumaré;SP;Sudeste;13175-646;289787.0;;;2662.0;3500105.0;08/10/2025
petz;Petz Suzano;Rua Sete de Setembro, 555;Parque Suzano;Suzano;SP;Sudeste;08673-900;318765.0;;;2662.0;3500105.0;08/10/2025
petz;Petz Taboão da Serra;R. do Tesouro, 662;Taboão da Serra;São Paulo;SP;Sudeste;06754-190;11895578.0;;;2662.0;3500105.0;08/10/2025
petz;Petz Taguatinga;"Quadra QS 1, Rua 212, S/N
                                             - Lote 11, 13 e 15";Areal (Águas Claras);Brasília;DF;Centro-Oeste;71950-550;2982818.0;;;3444.0;5300108.0;08/10/2025
petz;Petz Tamboré;"Alameda Araguaia, 2179
                                             - Parte A,junto a Kalunga";Tamboré;Barueri;SP;Sudeste;06455-000;330339.0;;;2662.0;3500105.0;08/10/2025
petz;Petz Tatuí;Rua São Bento, 287;Centro;Tatuí;SP;Sudeste;18270-820;128560.0;;;2662.0;3500105.0;08/10/2025
petz;Petz Tauste Campinas;Av. dos Imbês, 52;Alphaville Dom Pedro;Campinas;SP;Sudeste;13097-172;1185977.0;;;2662.0;3500105.0;08/10/2025
petz;Petz Teodoro Sampaio;Rua Teodoro Sampaio, 1424;Pinheiros;São Paulo;SP;Sudeste;05406-100;11895578.0;;;2662.0;3500105.0;08/10/2025
petz;Petz Teotônio Vilela;Av. Senador Teotônio Vilela ,  4482;Vila Sao Jose;São Paulo;SP;Sudeste;04864-001;11895578.0;;;2662.0;3500105.0;08/10/2025
petz;Petz Teresina;Av. João XXIII, 1176;Noivos;Teresina;PI;Nordeste;64049-010;902644.0;;;1350.0;2200053.0;08/10/2025
petz;Petz Torquato Tapajós;Av. Torquato Tapajós, 313;Flores;Manaus;AM;Norte;69048-660;2279686.0;;;1238.0;1300029.0;08/10/2025
petz;Petz Torres;Av. Com. Franco, 2958;Guabirotuba;Curitiba;PR;Sul;81520-000;1829225.0;;;2482.0;4100103.0;08/10/2025
petz;Petz Trimais;"Av. Tucuruvi, 220
                                             - Shopping Trimais";Tucuruvi;São Paulo;SP;Sudeste;02305-002;11895578.0;;;2662.0;3500105.0;08/10/2025
petz;Petz Uberaba;Av. Leopoldino de Oliveira, 4001;Estados Unidos;Uberaba;MG;Sudeste;38010-000;354142.0;;;2001.0;3100104.0;08/10/2025
petz;Petz Uberlândia;Av. Rondon Pacheco, 505;Tabajaras;Uberlândia;MG;Sudeste;38400-242;754954.0;;;2001.0;3100104.0;08/10/2025
petz;Petz Várzea Grande;Av. João Ponce de Arruda, 1096;Centro Norte;Várzea Grande;MT;Centro-Oeste;78030-485;314627.0;;;2276.0;5100102.0;08/10/2025
petz;Petz Vicente Rao;Av. Professor Vicente Rao, 1700;Jardim Petropolis;São Paulo;SP;Sudeste;04636-001;11895578.0;;;2662.0;3500105.0;08/10/2025
petz;Petz Vila Galvão;R. Maria Primo de Jesus, 47;Vila Galvão;Guarulhos;SP;Sudeste;07056-040;1345364.0;;;2662.0;3500105.0;08/10/2025
petz;Petz Vila Isabel;Rua Teodoro da Silva, 668;Vila Isabel;Rio de Janeiro;RJ;Sudeste;20560-025;6729894.0;;;2490.0;3300100.0;08/10/2025
petz;Petz Vila Mariana;Rua Vergueiro, 2604;Vila Mariana;São Paulo;SP;Sudeste;04102-000;11895578.0;;;2662.0;3500105.0;08/10/2025
petz;Petz Vila Matilde;Avenida Conde de Frontin, 2416;Tatuapé;São Paulo;SP;Sudeste;03501-000;11895578.0;;;2662.0;3500105.0;08/10/2025
petz;Petz Vila Velha;Rodovia do Sol, 256;Itapuã;Vila Velha;ES;Sudeste;29102-320;502899.0;;;2111.0;3200102.0;08/10/2025
petz;Petz Vitória;Av. Nossa Senhora da Penha, 1819;Santa Lucia;Vitória;ES;Sudeste;29056-075;342800.0;;;2111.0;3200102.0;08/10/2025
petz;Petz Vitória da Conquista;Av. Olivia Flores, 973;Candeias;Vitória da Conquista;BA;Nordeste;45028-610;394024.0;;;1366.0;2900108.0;08/10/2025
petz;Petz Washington Luís;Av. Washington Luís, 2737;Brooklin;São Paulo;SP;Sudeste;04662-003;11895578.0;;;2662.0;3500105.0;08/10/2025
petz;Petz Washington Soares;Av. Washington Soares, 2300;Edson Queiroz;Fortaleza;CE;Nordeste;60810-350;2574412.0;;;1225.0;2300101.0;08/10/2025
cobasi;Cobasi Getúlio Vargas - Osasco;Avenida Getúlio Vargas;;Osasco;SP;Sudeste;;756952.0;;;2662.0;3500105.0;08/10/2025
cobasi;Cobasi Jandira Mall;Rua Manoel Alves Garcia;;Jandira;SP;Sudeste;;121988.0;;;2662.0;3500105.0;08/10/2025
cobasi;Cobasi João Pessoa;Rua Bacharel José de Oliveira Curchatuz;;João Pessoa;PB;Nordeste;;888679.0;;;1401.0;2500106.0;08/10/2025
cobasi;Cobasi Marília Esmeralda;Avenida das Esmeraldas;;Marília;SP;Sudeste;;246627.0;;;2662.0;3500105.0;08/10/2025
cobasi;Cobasi Presidente Prudente;Avenida Onze de Maio;;Presidente Prudente;SP;Sudeste;;234083.0;;;2662.0;3500105.0;08/10/2025
cobasi;Cobasi Riviera de São Lourenço;Rua Aprovada 239;;Bertioga;SP;Sudeste;;66873.0;;;2662.0;3500105.0;08/10/2025
cobasi;Pet Shop Cobasi Alphaville;Rua Alameda Rio Negro;;Barueri;SP;Sudeste;06454-000;330339.0;;;2662.0;3500105.0;08/10/2025
cobasi;Pet Shop Cobasi Alto da Boa Vista;Avenida Santo Amaro;;São Paulo;SP;Sudeste;04702-002;11895578.0;;;2662.0;3500105.0;08/10/2025
cobasi;Pet Shop Cobasi Alto de Pinheiros;Rua General Furtado Nascimento;;São Paulo;SP;Sudeste;05465-070;11895578.0;;;2662.0;3500105.0;08/10/2025
cobasi;Pet Shop Cobasi Americana;Avenida Brasil;;Americana;SP;Sudeste;13468-000;246655.0;;;2662.0;3500105.0;08/10/2025
cobasi;Pet Shop Cobasi Andradas;Avenida dos Andradas;;Belo Horizonte;MG;Sudeste;30280-020;2416339.0;;;2001.0;3100104.0;08/10/2025
cobasi;Pet Shop Cobasi Aracaju Rio Mar;Avenida Delmiro Gouveia;;Aracaju;SE;Nordeste;49035-500;628849.0;;;1473.0;2800100.0;08/10/2025
cobasi;Pet Shop Cobasi Araraquara;Shopping Jaraguá - Av. Alberto Benassi;;Araraquara;SP;Sudeste;14804-300;252318.0;;;2662.0;3500105.0;08/10/2025
cobasi;Pet Shop Cobasi Araraquara Savegnago;Rua Maurício Gali;;Araraquara;SP;Sudeste;;252318.0;;;2662.0;3500105.0;08/10/2025
cobasi;Pet Shop Cobasi Araçatuba;Rua Luiz Pereira Barreto;;Araçatuba;SP;Sudeste;16015-445;207775.0;;;2662.0;3500105.0;08/10/2025
cobasi;Pet Shop Cobasi Assai Anhanguera;Rua Samuel Klabin;;São Paulo;SP;Sudeste;05077-903;11895578.0;;;2662.0;3500105.0;08/10/2025
cobasi;Pet Shop Cobasi Assaí Interlagos;Avenida Sargento Geraldo Santana;;São Paulo;SP;Sudeste;04674-225;11895578.0;;;2662.0;3500105.0;08/10/2025
cobasi;Pet Shop Cobasi Assaí Marginal Tietê;Avenida Condessa Elisabeth de Robiano;;São Paulo;SP;Sudeste;03704-000;11895578.0;;;2662.0;3500105.0;08/10/2025
cobasi;Pet Shop Cobasi Atibaia;Rua Pref. Takao Ono;;Atibaia;SP;Sudeste;12940-750;166043.0;;;2662.0;3500105.0;08/10/2025
cobasi;Pet Shop Cobasi Atibaia II;Av. Brigadeiro José Vicente Faria Lima;;Atibaia;SP;Sudeste;12940-284;166043.0;;;2662.0;3500105.0;08/10/2025
cobasi;Pet Shop Cobasi Atlântica;Av. Atlântica;;São Paulo;SP;Sudeste;04772-005;11895578.0;;;2662.0;3500105.0;08/10/2025
cobasi;Pet Shop Cobasi Augusta;Rua Augusta;;São Paulo;SP;Sudeste;01412-000;11895578.0;;;2662.0;3500105.0;08/10/2025
cobasi;Pet Shop Cobasi Av. Jundiaí;Avenida Jundiaí;;Jundiaí;SP;Sudeste;13208-051;460313.0;;;2662.0;3500105.0;08/10/2025
cobasi;Pet Shop Cobasi Av. Morumbi;Avenida Morumbi;;São Paulo;SP;Sudeste;05606-200;11895578.0;;;2662.0;3500105.0;08/10/2025
cobasi;Pet Shop Cobasi Avenida São Miguel;Avenida São Miguel;;São Paulo;SP;Sudeste;08070-002;11895578.0;;;2662.0;3500105.0;08/10/2025
cobasi;Pet Shop Cobasi BH Belvedere;Rua Maria Luiza Santiago;;Belo Horizonte;MG;Sudeste;30360-740;2416339.0;;;2001.0;3100104.0;08/10/2025
cobasi;Pet Shop Cobasi BH Castelo;Avenida Heraclito Mourao de Miranda;;Belo Horizonte;MG;Sudeste;30840-032;2416339.0;;;2001.0;3100104.0;08/10/2025
cobasi;Pet Shop Cobasi BH Contorno;Avenida do Contorno;;Belo Horizonte;MG;Sudeste;30110-017;2416339.0;;;2001.0;3100104.0;08/10/2025
cobasi;Pet Shop Cobasi BH Del Rey;Av. Presidente Carlos Luz;;Belo Horizonte;MG;Sudeste;31250-010;2416339.0;;;2001.0;3100104.0;08/10/2025
cobasi;Pet Shop Cobasi Barra Carrefour;Avenida das Américas;;Rio de Janeiro;RJ;Sudeste;22640-102;6729894.0;;;2490.0;3300100.0;08/10/2025
cobasi;Pet Shop Cobasi Barra Guanabara;Avenida das Américas;;Rio de Janeiro;RJ;Sudeste;22631-003;6729894.0;;;2490.0;3300100.0;08/10/2025
cobasi;Pet Shop Cobasi Barra Sul;Av. Diário de Notícias;;Porto Alegre;RS;Sul;90810-080;1389322.0;;;2608.0;4300034.0;08/10/2025
cobasi;Pet Shop Cobasi Barreiros;Avenida Leoberto Leal;;São José;SC;Sul;88117-001;289949.0;;;2601.0;4200051.0;08/10/2025
cobasi;Pet Shop Cobasi Barretos;Av. Engenheiro Necker Carvalho de Camargo;;Barretos;SP;Sudeste;14783-085;126600.0;;;2662.0;3500105.0;08/10/2025
cobasi;Pet Shop Cobasi Bauru;Rua São Gonçalo;;Bauru;SP;Sudeste;17012-170;391740.0;;;2662.0;3500105.0;08/10/2025
cobasi;Pet Shop Cobasi Belém Bosque Grão Pará;Avenida Centenário;;Belém;PA;Norte;66640-840;1398531.0;;;1344.0;1500107.0;08/10/2025
cobasi;Pet Shop Cobasi Birigui;Avenida Euclides Miragaia;;Birigui;SP;Sudeste;16204-000;122988.0;;;2662.0;3500105.0;08/10/2025
cobasi;Pet Shop Cobasi Blumenau Neumarkt;Rua Sete de Setembro;;Blumenau;SC;Sul;89010-201;380597.0;;;2601.0;4200051.0;08/10/2025
cobasi;Pet Shop Cobasi Blumenau Norte Shopping;Rodovia BR 470;;Blumenau;SC;Sul;89065-800;380597.0;;;2601.0;4200051.0;08/10/2025
cobasi;Pet Shop Cobasi Botafogo;Rua Voluntários da Pátria;;Rio de Janeiro;RJ;Sudeste;;6729894.0;;;2490.0;3300100.0;08/10/2025
cobasi;Pet Shop Cobasi Botucatu Mall;Avenida Professor José Pedretti Neto;;Botucatu;SP;Sudeste;18606-125;150442.0;;;2662.0;3500105.0;08/10/2025
cobasi;Pet Shop Cobasi Bragança Paulista;Av. Alpheu Grimello (Loja 01);;Bragança Paulista;SP;Sudeste;12916-010;184634.0;;;2662.0;3500105.0;08/10/2025
cobasi;Pet Shop Cobasi Bragança Paulista - Av. dos Imigrantes;Avenida dos Imigrantes;;Bragança Paulista;SP;Sudeste;12802-000;184634.0;;;2662.0;3500105.0;08/10/2025
cobasi;Pet Shop Cobasi Brasilia Venancio;SCS Quadra 8 Bloco B;;Brasília;DF;Centro-Oeste;70333-900;2982818.0;;;3444.0;5300108.0;08/10/2025
cobasi;Pet Shop Cobasi Brasília Asa Norte;Edificio Carlton Center Sepn;;Brasília;DF;Centro-Oeste;70770-525;2982818.0;;;3444.0;5300108.0;08/10/2025
cobasi;Pet Shop Cobasi Brasília CasaPark;SGCV Sul Shopping Casa Park;;Brasília;DF;Centro-Oeste;71215-900;2982818.0;;;3444.0;5300108.0;08/10/2025
cobasi;Pet Shop Cobasi Brasília Pistão Sul;Quadra Setor D Sul;;Brasília;DF;Centro-Oeste;72020-111;2982818.0;;;3444.0;5300108.0;08/10/2025
cobasi;Pet Shop Cobasi Brasília Sia;Rua Sia Trecho;;Brasília;DF;Centro-Oeste;71200-020;2982818.0;;;3444.0;5300108.0;08/10/2025
cobasi;Pet Shop Cobasi Brasília Taquari;SHTQ Avenida Comercial;;Brasília;DF;Centro-Oeste;71551-010;2982818.0;;;3444.0;5300108.0;08/10/2025
cobasi;Pet Shop Cobasi Braz Leme;Avenida Braz Leme;;São Paulo;SP;Sudeste;02511-000;11895578.0;;;2662.0;3500105.0;08/10/2025
cobasi;Pet Shop Cobasi Brooklin;Avenida Washington Luis;;São Paulo;SP;Sudeste;04627-003;11895578.0;;;2662.0;3500105.0;08/10/2025
cobasi;Pet Shop Cobasi Buritis;Avenida Professor Mário Werneck;;Belo Horizonte;MG;Sudeste;30575-180;2416339.0;;;2001.0;3100104.0;08/10/2025
cobasi;Pet Shop Cobasi Butantã;Av. Profº Francisco Morato;;São Paulo;SP;Sudeste;05513-300;11895578.0;;;2662.0;3500105.0;08/10/2025
cobasi;Pet Shop Cobasi Cachoeirinha;Av Parada Pinto;;São Paulo;SP;Sudeste;02611-002;11895578.0;;;2662.0;3500105.0;08/10/2025
cobasi;Pet Shop Cobasi Caminho do Mar;Avenida Caminho do Mar;;São Bernardo do Campo;SP;Sudeste;09609-000;840499.0;;;2662.0;3500105.0;08/10/2025
cobasi;Pet Shop Cobasi Campinas Abolição;Rua da Abolição;;Campinas;SP;Sudeste;13041-445;1185977.0;;;2662.0;3500105.0;08/10/2025
cobasi;Pet Shop Cobasi Campinas Amoreiras;Av. Ruy Rodrigues;;Campinas;SP;Sudeste;13060-192;1185977.0;;;2662.0;3500105.0;08/10/2025
cobasi;Pet Shop Cobasi Campinas Cambuí;Av. Orosimbo Maia;;Campinas;SP;Sudeste;13024-045;1185977.0;;;2662.0;3500105.0;08/10/2025
cobasi;Pet Shop Cobasi Campinas Cambuí II;Rua Coronel Francisco Andrade Coutinho;;Campinas;SP;Sudeste;13025-190;1185977.0;;;2662.0;3500105.0;08/10/2025
cobasi;Pet Shop Cobasi Campinas Princesa d’ Oeste;Av. Princesa D'Oeste;;Campinas;SP;Sudeste;13100-040;1185977.0;;;2662.0;3500105.0;08/10/2025
cobasi;Pet Shop Cobasi Campinas Shopping Galleria;Rodovia Dom Pedro I;;Campinas;SP;Sudeste;13091-910;1185977.0;;;2662.0;3500105.0;08/10/2025
cobasi;Pet Shop Cobasi Campinas Taquaral;Avenida Doutor Theodureto de Almeida Camargo;;Campinas;SP;Sudeste;13075-630;1185977.0;;;2662.0;3500105.0;08/10/2025
cobasi;Pet Shop Cobasi Campo Grande MS;Avenida Afonso Pena;;Campo Grande;MS;Centro-Oeste;79020-000;954537.0;;;2169.0;5000203.0;08/10/2025
cobasi;Pet Shop Cobasi Campo Limpo;Avenida Carlos Lacerda;;São Paulo;SP;Sudeste;05788-290;11895578.0;;;2662.0;3500105.0;08/10/2025
cobasi;Pet Shop Cobasi Candangolandia;Setor de Postos e Motéis Sul I;;Brasília;DF;Centro-Oeste;71727-800;2982818.0;;;3444.0;5300108.0;08/10/2025
cobasi;Pet Shop Cobasi Canoas;Avenida Farroupilha;;Canoas;RS;Sul;92020-475;359554.0;;;2608.0;4300034.0;08/10/2025
cobasi;Pet Shop Cobasi Canoas BR116;Avenida Getulio Vargas;;Canoas;RS;Sul;92010-013;359554.0;;;2608.0;4300034.0;08/10/2025
cobasi;Pet Shop Cobasi Cantareira Norte Shopping;Avenida Raimundo Pereira de Magalhães;;São Paulo;SP;Sudeste;02984-035;11895578.0;;;2662.0;3500105.0;08/10/2025
cobasi;Pet Shop Cobasi Carapicuíba;Avenida Desembargador Doutor Eduardo Cunha de Abreu;;Carapicuíba;SP;Sudeste;06328-330;398462.0;;;2662.0;3500105.0;08/10/2025
cobasi;Pet Shop Cobasi Carrefour Nações;Avenida das Nações Unidas;;São Paulo;SP;Sudeste;04794-000;11895578.0;;;2662.0;3500105.0;08/10/2025
cobasi;Pet Shop Cobasi Carrão;Rua Serra de Botucatu;;São Paulo;SP;Sudeste;03317-001;11895578.0;;;2662.0;3500105.0;08/10/2025
cobasi;Pet Shop Cobasi Casa Forte;R. Leonardo Bezerra Cavalcanti;;Recife;PE;Nordeste;52060-030;1587707.0;;;1453.0;2600054.0;08/10/2025
cobasi;Pet Shop Cobasi Cascavel;Av. Brasil;;Cascavel;PR;Sul;85812-500;364104.0;;;2482.0;4100103.0;08/10/2025
cobasi;Pet Shop Cobasi Caxias do Sul;Rodovia RSC 453;;Caxias do Sul;RS;Sul;95110-195;479256.0;;;2608.0;4300034.0;08/10/2025
cobasi;Pet Shop Cobasi Cerro Corá;Rua  Cerro Corá;;São Paulo;SP;Sudeste;05061-400;11895578.0;;;2662.0;3500105.0;08/10/2025
cobasi;Pet Shop Cobasi Comendador Agostinho - Limeira II;Avenida Comendador Agostinho Prada;;Limeira;SP;Sudeste;13482-220;300728.0;;;2662.0;3500105.0;08/10/2025
cobasi;Pet Shop Cobasi Conselheiro Rodrigues Alves;Av. Conselheiro Rodrigues Alves;;São Paulo;SP;Sudeste;04102-000;11895578.0;;;2662.0;3500105.0;08/10/2025
cobasi;Pet Shop Cobasi Continente Shopping;Rodovia BR 101 - KM211 Continente Park Shopping;;São José;SC;Sul;88104-800;289949.0;;;2601.0;4200051.0;08/10/2025
cobasi;Pet Shop Cobasi Copacabana Posto 2;Avenida Nossa Senhora de Copacabana;;Rio de Janeiro;RJ;Sudeste;22020-002;6729894.0;;;2490.0;3300100.0;08/10/2025
cobasi;Pet Shop Cobasi Corifeu;Avenida Corifeu de Azevedo Marques;;São Paulo;SP;Sudeste;05582-000;11895578.0;;;2662.0;3500105.0;08/10/2025
cobasi;Pet Shop Cobasi Cotia;Rua Luiz Silva;;Cotia;SP;Sudeste;06716-030;287004.0;;;2662.0;3500105.0;08/10/2025
cobasi;Pet Shop Cobasi Criciúma;Av Jorge Elias de Lucca;;Criciúma;SC;Sul;88813-390;225281.0;;;2601.0;4200051.0;08/10/2025
cobasi;Pet Shop Cobasi Cuiabá CPA;Avenida Historiador Rubens de Mendonça;;Cuiabá;MT;Centro-Oeste;78050-000;682932.0;;;2276.0;5100102.0;08/10/2025
cobasi;Pet Shop Cobasi Curitiba Linha Verde;Av. Senador Salgado Filho;;Curitiba;PR;Sul;80215-270;1829225.0;;;2482.0;4100103.0;08/10/2025
cobasi;Pet Shop Cobasi Curitiba Mario Tourinho;Rua General Mario Tourinho;;Curitiba;PR;Sul;80740-016;1829225.0;;;2482.0;4100103.0;08/10/2025
cobasi;Pet Shop Cobasi Curitiba Novo Mundo;Rua Isaac Guelmann;;Curitiba;PR;Sul;81050-030;1829225.0;;;2482.0;4100103.0;08/10/2025
cobasi;Pet Shop Cobasi DF Gama;Quadra 55 Lote 9;;Brasília;DF;Centro-Oeste;72405-550;2982818.0;;;3444.0;5300108.0;08/10/2025
cobasi;Pet Shop Cobasi DF Planaltina;Setor de Áreas Especiais Norte;;Planaltina;DF;;73340-190;;;;;;08/10/2025
cobasi;Pet Shop Cobasi DF Plaza Shopping;Rua Copaiba Lote 01;;Brasília;DF;Centro-Oeste;71919-540;2982818.0;;;3444.0;5300108.0;08/10/2025
cobasi;Pet Shop Cobasi Diadema;Avenida Presidente Kennedy;;Diadema;SP;Sudeste;09913-000;404118.0;;;2662.0;3500105.0;08/10/2025
cobasi;Pet Shop Cobasi Eco Mall Pinheirinho;Rodovia BR-116;;Curitiba;PR;Sul;81690-300;1829225.0;;;2482.0;4100103.0;08/10/2025
cobasi;Pet Shop Cobasi Embu das Artes;Av. Elias Yazbek;;Embu das Artes;SP;Sudeste;06803-045;259323.0;;;2662.0;3500105.0;08/10/2025
cobasi;Pet Shop Cobasi Embu das Artes II;Avenida João Batista Medina;;Embu das Artes;SP;Sudeste;06840-050;259323.0;;;2662.0;3500105.0;08/10/2025
cobasi;Pet Shop Cobasi Engenheiro Caetano Alvares;Av. Eng. Caetano Álvares;;São Paulo;SP;Sudeste;;11895578.0;;;2662.0;3500105.0;08/10/2025
cobasi;Pet Shop Cobasi Epitácio Pessoa;Avenida Presidente Epitácio Pessoa;;João Pessoa;PB;Nordeste;58042-006;888679.0;;;1401.0;2500106.0;08/10/2025
cobasi;Pet Shop Cobasi Ermano Marchetti;Rua Luiz Gatti;;São Paulo;SP;Sudeste;05038-150;11895578.0;;;2662.0;3500105.0;08/10/2025
cobasi;Pet Shop Cobasi Estr. do Campo Limpo;Estrada do Campo Limpo;;São Paulo;SP;Sudeste;05787-000;11895578.0;;;2662.0;3500105.0;08/10/2025
cobasi;Pet Shop Cobasi Estrada de Itapecerica;Estrada de Itapecerica;;São Paulo;SP;Sudeste;05835-005;11895578.0;;;2662.0;3500105.0;08/10/2025
cobasi;Pet Shop Cobasi Feira de Santana;Avenida João Durval Carneiro;;Feira de Santana;BA;Nordeste;44090-008;657948.0;;;1366.0;2900108.0;08/10/2025
cobasi;Pet Shop Cobasi Florianópolis;Rodovia Jose Carlos Daux;;Florianópolis;SC;Sul;88032-005;576361.0;;;2601.0;4200051.0;08/10/2025
cobasi;Pet Shop Cobasi Florianópolis Centro;Rua Francisco Tolentino;;Florianópolis;SC;Sul;88010-200;576361.0;;;2601.0;4200051.0;08/10/2025
cobasi;Pet Shop Cobasi Fortaleza Aldeota;Av. Santos Dumont;;Fortaleza;CE;Nordeste;60150-162;2574412.0;;;1225.0;2300101.0;08/10/2025
cobasi;Pet Shop Cobasi Fortaleza Meireles;Avenida Barao de Studart;;Fortaleza;CE;Nordeste;60120-024;2574412.0;;;1225.0;2300101.0;08/10/2025
cobasi;Pet Shop Cobasi Fortaleza Open Mall;Avenida Washington Soares;;Fortaleza;CE;Nordeste;60810-350;2574412.0;;;1225.0;2300101.0;08/10/2025
cobasi;Pet Shop Cobasi Franca;Avenida Doutor Antonio Barboza Filho;;Franca;SP;Sudeste;14405-000;364331.0;;;2662.0;3500105.0;08/10/2025
cobasi;Pet Shop Cobasi Frei Gaspar;Avenida Brigadeiro Faria Lima;;São Bernardo do Campo;SP;Sudeste;09720-010;840499.0;;;2662.0;3500105.0;08/10/2025
cobasi;Pet Shop Cobasi Goiânia Decathlon;Avenida I;;Goiânia;GO;Centro-Oeste;74810-075;1494599.0;;;2098.0;5200050.0;08/10/2025
cobasi;Pet Shop Cobasi Goiânia T63;Avenida T63;;Goiânia;GO;Centro-Oeste;74335-104;1494599.0;;;2098.0;5200050.0;08/10/2025
cobasi;Pet Shop Cobasi Granja Vianna;Av. Marginal;;Cotia;SP;Sudeste;06708-030;287004.0;;;2662.0;3500105.0;08/10/2025
cobasi;Pet Shop Cobasi Guarujá;Avenida Leomil;;Guarujá;SP;Sudeste;11410-160;294973.0;;;2662.0;3500105.0;08/10/2025
cobasi;Pet Shop Cobasi Guarulhos;Av. Anielo Pratici;;Guarulhos;SP;Sudeste;07013-000;1345364.0;;;2662.0;3500105.0;08/10/2025
cobasi;Pet Shop Cobasi Guarulhos Centro;Avenida Salgado Filho;;Guarulhos;SP;Sudeste;07115-180;1345364.0;;;2662.0;3500105.0;08/10/2025
cobasi;Pet Shop Cobasi Guarulhos Sakamoto;Rodovia Presidente Dutra KM 210;;Guarulhos;SP;Sudeste;;1345364.0;;;2662.0;3500105.0;08/10/2025
cobasi;Pet Shop Cobasi Guarulhos Timóteo Penteado;Avenida Doutor Timóteo Penteado;;Guarulhos;SP;Sudeste;07094-000;1345364.0;;;2662.0;3500105.0;08/10/2025
cobasi;Pet Shop Cobasi Higienópolis;Avenida Angélica;;São Paulo;SP;Sudeste;01228-000;11895578.0;;;2662.0;3500105.0;08/10/2025
cobasi;Pet Shop Cobasi Iguatemi Campinas;Shopping Iguatemi Campinas - Avenida Iguatemi;;Campinas;SP;Sudeste;13092-500;1185977.0;;;2662.0;3500105.0;08/10/2025
cobasi;Pet Shop Cobasi Iguatemi Fortaleza;Av. Washington Soares;;Fortaleza;CE;Nordeste;60810-060;2574412.0;;;1225.0;2300101.0;08/10/2025
cobasi;Pet Shop Cobasi Imigrantes;Av. Prof Abraão de Morais;;São Paulo;SP;Sudeste;04123-011;11895578.0;;;2662.0;3500105.0;08/10/2025
cobasi;Pet Shop Cobasi Imirim;Avenida Imirim;;São Paulo;SP;Sudeste;02465-300;11895578.0;;;2662.0;3500105.0;08/10/2025
cobasi;Pet Shop Cobasi Indaiatuba;Avenida Presidente Vargas;;Indaiatuba;SP;Sudeste;13334-085;267796.0;;;2662.0;3500105.0;08/10/2025
cobasi;Pet Shop Cobasi Interlar Interlagos;Av. Interlagos;;São Paulo;SP;Sudeste;04661-100;11895578.0;;;2662.0;3500105.0;08/10/2025
cobasi;Pet Shop Cobasi Itajaí;Avenida Osvaldo Reis;;Itajai;SC;Sul;88306-600;287289.0;;;2601.0;4200051.0;08/10/2025
cobasi;Pet Shop Cobasi Itaquaquecetuba D'avó;Avenida Italo Adami;;Itaquaquecetuba;SP;Sudeste;08573-000;382521.0;;;2662.0;3500105.0;08/10/2025
cobasi;Pet Shop Cobasi Itaquera;Avenida Itaquera;;São Paulo;SP;Sudeste;;11895578.0;;;2662.0;3500105.0;08/10/2025
cobasi;Pet Shop Cobasi Jabaquara;Avenida Engenheiro George Corbisier;;São Paulo;SP;Sudeste;04345-001;11895578.0;;;2662.0;3500105.0;08/10/2025
cobasi;Pet Shop Cobasi Jaboatão Dos Guararapes;Avenida Bernardo Vieira de Melo;;Jaboatão dos Guararapes;PE;Nordeste;54410-010;683285.0;;;1453.0;2600054.0;08/10/2025
cobasi;Pet Shop Cobasi Jacareí Tenda;Praça Charles Gates;;Jacareí;SP;Sudeste;12306-090;249968.0;;;2662.0;3500105.0;08/10/2025
cobasi;Pet Shop Cobasi Jardim Japão;Avenida Jardim Japao;;São Paulo;SP;Sudeste;02221-001;11895578.0;;;2662.0;3500105.0;08/10/2025
cobasi;Pet Shop Cobasi Jaú;Av. Anna Claudina;;Jaú;SP;Sudeste;17203-381;137323.0;;;2662.0;3500105.0;08/10/2025
cobasi;Pet Shop Cobasi Jd. Botânico;CJ SMDB AREA ESPECIAL D;;Brasília;DF;Centro-Oeste;;2982818.0;;;3444.0;5300108.0;08/10/2025
cobasi;Pet Shop Cobasi Joinville;Avenida Rolf Wiest;;Joinville;SC;Sul;89223-005;654888.0;;;2601.0;4200051.0;08/10/2025
cobasi;Pet Shop Cobasi Juiz de Fora Jardim Norte;Av. Brasil;;Juiz de Fora;MG;Sudeste;36080-000;565764.0;;;2001.0;3100104.0;08/10/2025
cobasi;Pet Shop Cobasi Jundiaí;Rua Jose Amato;;Jundiaí;SP;Sudeste;13201-141;460313.0;;;2662.0;3500105.0;08/10/2025
cobasi;Pet Shop Cobasi Lauro de Freitas;Av. Santos Dumont;;Lauro de Freitas;BA;Nordeste;42701-260;217960.0;;;1366.0;2900108.0;08/10/2025
cobasi;Pet Shop Cobasi Limeira;Avenida Carlos Kuntz Busch;;Limeira;SP;Sudeste;13485-905;300728.0;;;2662.0;3500105.0;08/10/2025
cobasi;Pet Shop Cobasi Londrina Centro;Rua Minas Gerais;;Londrina;PR;Sul;86010-170;577318.0;;;2482.0;4100103.0;08/10/2025
cobasi;Pet Shop Cobasi Londrina Madre Leônia;Av. Madre Leônia Milito;;Londrina;PR;Sul;86050-270;577318.0;;;2482.0;4100103.0;08/10/2025
cobasi;Pet Shop Cobasi M'Boi Mirim;Estrada do M'Boi Mirim;;São Paulo;SP;Sudeste;04905-002;11895578.0;;;2662.0;3500105.0;08/10/2025
cobasi;Pet Shop Cobasi Maceió Fernandes Lima;Avenida Fernandes Lima;;Maceió;AL;Nordeste;57055-000;994464.0;;;1331.0;2700102.0;08/10/2025
cobasi;Pet Shop Cobasi Maracanaú;Rua João de Alencar;;Maracanau;CE;Nordeste;61900-150;249684.0;;;1225.0;2300101.0;08/10/2025
cobasi;Pet Shop Cobasi Marechal Tito;Av Marechal Tito;;São Paulo;SP;Sudeste;08022-000;11895578.0;;;2662.0;3500105.0;08/10/2025
cobasi;Pet Shop Cobasi Marginal Pinheiros;Avenida das Nações Unidas;;São Paulo;SP;Sudeste;04795-100;11895578.0;;;2662.0;3500105.0;08/10/2025
cobasi;Pet Shop Cobasi Marginal Tietê;Rua Maria Prestes Maia;;São Paulo;SP;Sudeste;02047-000;11895578.0;;;2662.0;3500105.0;08/10/2025
cobasi;Pet Shop Cobasi Maringá;Av. João Paulino Vieira Filho;;Maringá;PR;Sul;87020-015;425983.0;;;2482.0;4100103.0;08/10/2025
cobasi;Pet Shop Cobasi Marília;Avenida Sampaio Vidal;;Marília;SP;Sudeste;17500-022;246627.0;;;2662.0;3500105.0;08/10/2025
cobasi;Pet Shop Cobasi Minas Shopping;Avenida Cristiano Machado;;Belo Horizonte;MG;Sudeste;31160-959;2416339.0;;;2001.0;3100104.0;08/10/2025
cobasi;Pet Shop Cobasi Moema Pássaros;Avenida Ibirapuera;;São Paulo;SP;Sudeste;04028-002;11895578.0;;;2662.0;3500105.0;08/10/2025
cobasi;Pet Shop Cobasi Moinhos dos Ventos;Rua Miguel Tostes;;Porto Alegre;RS;Sul;90430-060;1389322.0;;;2608.0;4300034.0;08/10/2025
cobasi;Pet Shop Cobasi Mooca;Av. Alcântara Machado;;São Paulo;SP;Sudeste;03101-000;11895578.0;;;2662.0;3500105.0;08/10/2025
cobasi;Pet Shop Cobasi Morumbi;Av. Giovanni Gronchi;;São Paulo;SP;Sudeste;05724-003;11895578.0;;;2662.0;3500105.0;08/10/2025
cobasi;Pet Shop Cobasi Natal;Avenida Senador Salgado Filho;;Natal;RN;Nordeste;59076-000;785368.0;;;1616.0;2400109.0;08/10/2025
cobasi;Pet Shop Cobasi Niterói;Rua Marechal Deodoro;;Niterói;RJ;Sudeste;24030-060;516720.0;;;2490.0;3300100.0;08/10/2025
cobasi;Pet Shop Cobasi Nossa Senhora do Carmo;Av. Nossa Senhora do Carmo;;Belo Horizonte;MG;Sudeste;30335-300;2416339.0;;;2001.0;3100104.0;08/10/2025
cobasi;Pet Shop Cobasi Nova Cantareira;Avenida Nova Cantareira;;São Paulo;SP;Sudeste;;11895578.0;;;2662.0;3500105.0;08/10/2025
cobasi;Pet Shop Cobasi Novo Hamburgo;Avenida Primeiro de Março;;Novo Hamburgo;RS;Sul;93320-102;235879.0;;;2608.0;4300034.0;08/10/2025
cobasi;Pet Shop Cobasi Osasco;Av. dos Autonomistas;;Osasco;SP;Sudeste;06090-010;756952.0;;;2662.0;3500105.0;08/10/2025
cobasi;Pet Shop Cobasi Osasco João Andrade;Av. João de Andrade;;Osasco;SP;Sudeste;06132-006;756952.0;;;2662.0;3500105.0;08/10/2025
cobasi;Pet Shop Cobasi POA Assis Brasil;Avenida Assis Brasil;;Porto Alegre;RS;Sul;91010-003;1389322.0;;;2608.0;4300034.0;08/10/2025
cobasi;Pet Shop Cobasi POA Av. Brasil;Av. Brasil;;Porto Alegre;RS;Sul;90230-061;1389322.0;;;2608.0;4300034.0;08/10/2025
cobasi;Pet Shop Cobasi POA Bollogna Mall;Avenida Coronel Marcos;;Porto Alegre;RS;Sul;91760-000;1389322.0;;;2608.0;4300034.0;08/10/2025
cobasi;Pet Shop Cobasi POA Central Parque;Avenida Ipiranga;;Porto Alegre;RS;Sul;91530-000;1389322.0;;;2608.0;4300034.0;08/10/2025
cobasi;Pet Shop Cobasi Palmas;Quadra ARNO 12 Alameda das Aroeiras;;Palmas;TO;Norte;77001-048;323625.0;;;1737.0;1700251.0;08/10/2025
cobasi;Pet Shop Cobasi Park Shopping Jacarepaguá;Park Shopping Jacarepaguá - Estr. de Jacarepaguá;;Rio de Janeiro;RJ;Sudeste;22753-045;6729894.0;;;2490.0;3300100.0;08/10/2025
cobasi;Pet Shop Cobasi Parque Olímpico;Avenida Embaixador Abelardo Bueno;;Rio de Janeiro;RJ;Sudeste;22775-040;6729894.0;;;2490.0;3300100.0;08/10/2025
cobasi;Pet Shop Cobasi Passo Fundo Shopping;Av. Presidente Vargas;;Passo Fundo;RS;Sul;99064-000;214564.0;;;2608.0;4300034.0;08/10/2025
cobasi;Pet Shop Cobasi Paulínia;Avenida Jose Paulino;;Paulinia;SP;Sudeste;13140-723;115690.0;;;2662.0;3500105.0;08/10/2025
cobasi;Pet Shop Cobasi Pelotas;Av. Ferreira Viana;;Pelotas;RS;Sul;96085-000;336131.0;;;2608.0;4300034.0;08/10/2025
cobasi;Pet Shop Cobasi Pinhais;Rua Primeiro de Maio;;Pinhais;PR;Sul;83323-020;131199.0;;;2482.0;4100103.0;08/10/2025
cobasi;Pet Shop Cobasi Piracicaba;Avenida Limeira (ao lado do shopping);;Piracicaba;SP;Sudeste;13414-018;438827.0;;;2662.0;3500105.0;08/10/2025
cobasi;Pet Shop Cobasi Piracicaba Independência;Avenida Independência;;Piracicaba;SP;Sudeste;13419-160;438827.0;;;2662.0;3500105.0;08/10/2025
cobasi;Pet Shop Cobasi Poa Wenceslau Escobar;Avenida Wenceslau Escobar;;Porto Alegre;RS;Sul;91900-000;1389322.0;;;2608.0;4300034.0;08/10/2025
cobasi;Pet Shop Cobasi Pompéia;Rua Carlos Vicari;;São Paulo;SP;Sudeste;05033-070;11895578.0;;;2662.0;3500105.0;08/10/2025
cobasi;Pet Shop Cobasi Ponta Grossa;Avenida Ernesto Vilela;;Ponta Grossa;PR;Sul;84070-000;372562.0;;;2482.0;4100103.0;08/10/2025
cobasi;Pet Shop Cobasi Ponta Grossa II;Rua Ermelino de Leao;;Ponta Grossa;PR;Sul;84035-000;372562.0;;;2482.0;4100103.0;08/10/2025
cobasi;Pet Shop Cobasi Portal do Morumbi;Av Dr Guilherme Dumont Vilares;;São Paulo;SP;Sudeste;05640-902;11895578.0;;;2662.0;3500105.0;08/10/2025
cobasi;Pet Shop Cobasi Porto Alegre Iguatemi;Shopping Iguatemi - Av. João Wallig;;Porto Alegre;RS;Sul;91340-020;1389322.0;;;2608.0;4300034.0;08/10/2025
cobasi;Pet Shop Cobasi Porto Alegre Ipiranga;Avenida Ipiranga;;Porto Alegre;RS;Sul;90610-001;1389322.0;;;2608.0;4300034.0;08/10/2025
cobasi;Pet Shop Cobasi Praia Grande;Avenida Ayrton Senna da Silva;;Praia Grande;SP;Sudeste;11726-000;365577.0;;;2662.0;3500105.0;08/10/2025
cobasi;Pet Shop Cobasi Praia Grande Ocian;Av. Presidente Kennedy;;Praia Grande;SP;Sudeste;11704-105;365577.0;;;2662.0;3500105.0;08/10/2025
cobasi;Pet Shop Cobasi Praça da Árvore;Av Jabaquara;;São Paulo;SP;Sudeste;04046-000;11895578.0;;;2662.0;3500105.0;08/10/2025
cobasi;Pet Shop Cobasi RJ Norte Shopping;Avenida Dom Helder Camara;;Rio de Janeiro;RJ;Sudeste;20771-900;6729894.0;;;2490.0;3300100.0;08/10/2025
cobasi;Pet Shop Cobasi Raposo Tavares;Rod. Raposo Tavares;;São Paulo;SP;Sudeste;05576-000;11895578.0;;;2662.0;3500105.0;08/10/2025
cobasi;Pet Shop Cobasi Rebouças;Av. Rebouças;;São Paulo;SP;Sudeste;05402-300;11895578.0;;;2662.0;3500105.0;08/10/2025
cobasi;Pet Shop Cobasi Recife;Rua Padre Carapuceiro;;Recife;PE;Nordeste;50020-280;1587707.0;;;1453.0;2600054.0;08/10/2025
cobasi;Pet Shop Cobasi Ribeirão Dom Pedro I;Av. Dom Pedro I;;Ribeirão Preto;SP;Sudeste;14055-630;728400.0;;;2662.0;3500105.0;08/10/2025
cobasi;Pet Shop Cobasi Ribeirão Preto II (loja Maurilio Biagi);Av. Maurílio Biagi;;Ribeirão Preto;SP;Sudeste;14020-750;728400.0;;;2662.0;3500105.0;08/10/2025
cobasi;Pet Shop Cobasi Ribeirão Preto Iguatemi;Av. Luis Eduardo Toledo Prado (loja 2107);;Ribeirão Preto;SP;Sudeste;14027-250;728400.0;;;2662.0;3500105.0;08/10/2025
cobasi;Pet Shop Cobasi Ribeirão Preto Presidente Vargas;Av. Presidente Vargas;;Ribeirão Preto;SP;Sudeste;14093-129;728400.0;;;2662.0;3500105.0;08/10/2025
cobasi;Pet Shop Cobasi Ricardo Jafet;Avenida Dr. Ricardo Jafet;;São Paulo;SP;Sudeste;04123-030;11895578.0;;;2662.0;3500105.0;08/10/2025
cobasi;Pet Shop Cobasi Rio das Pedras;Rua Jorge Ogushi;;São Paulo;SP;Sudeste;03471-000;11895578.0;;;2662.0;3500105.0;08/10/2025
cobasi;Pet Shop Cobasi Rio de Janeiro Campo Grande;ParkShopping Campo Grande – Estrada do Monteiro;;Rio de Janeiro;RJ;Sudeste;23045-830;6729894.0;;;2490.0;3300100.0;08/10/2025
cobasi;Pet Shop Cobasi Rui Barbosa;Praça Rui Barbosa;;Curitiba;PR;Sul;80010-030;1829225.0;;;2482.0;4100103.0;08/10/2025
cobasi;Pet Shop Cobasi SBC Faria Lima;Avenida Brigadeiro Faria Lima;;São Bernardo do Campo;SP;Sudeste;09720-000;840499.0;;;2662.0;3500105.0;08/10/2025
cobasi;Pet Shop Cobasi SP Ipiranga;Avenida Doutor Ricardo Jafet;;São Paulo;SP;Sudeste;04123-030;11895578.0;;;2662.0;3500105.0;08/10/2025
cobasi;Pet Shop Cobasi Sabará;R. Moacir Simões da Rocha;;São Paulo;SP;Sudeste;04674-150;11895578.0;;;2662.0;3500105.0;08/10/2025
cobasi;Pet Shop Cobasi Salto;Avenida José Maria Marques de Oliveira;;Salto;SP;Sudeste;13327-300;140125.0;;;2662.0;3500105.0;08/10/2025
cobasi;Pet Shop Cobasi Salvador Rio Vermelho;Av. Juracy Magalhães Júnior;;Salvador;BA;Nordeste;41940-060;2568928.0;;;1366.0;2900108.0;08/10/2025
cobasi;Pet Shop Cobasi Santa Bárbara d’Oeste Tivoli;Rua do Osmio;;Santa Bárbara d’Oeste;SP;;13456-625;;;;;;08/10/2025
cobasi;Pet Shop Cobasi Santana;R. Voluntários da Pátria;;São Paulo;SP;Sudeste;02402-200;11895578.0;;;2662.0;3500105.0;08/10/2025
cobasi;Pet Shop Cobasi Santo André Av. dos Estados;Avenida dos Estados;;Santo André;SP;Sudeste;09290-520;778711.0;;;2662.0;3500105.0;08/10/2025
cobasi;Pet Shop Cobasi Santo André P. Barreto;Praça Engenheiro Roldão dos Santos Ferreira;;Santo André;SP;Sudeste;09190-695;778711.0;;;2662.0;3500105.0;08/10/2025
cobasi;Pet Shop Cobasi Santo André Prestes Maia;Praça Uirapuru;;Santo André;SP;Sudeste;09071-220;778711.0;;;2662.0;3500105.0;08/10/2025
cobasi;Pet Shop Cobasi Santos Afonso Pena;Avenida Afonso Pena;;Santos;SP;Sudeste;11020-002;429567.0;;;2662.0;3500105.0;08/10/2025
cobasi;Pet Shop Cobasi Santos Conselheiro Nébias;Avenida Conselheiro Nébias;;Santos;SP;Sudeste;;429567.0;;;2662.0;3500105.0;08/10/2025
cobasi;Pet Shop Cobasi Santos Francisco Glicério;Avenida General Francisco Glicério;;Santos;SP;Sudeste;11065-400;429567.0;;;2662.0;3500105.0;08/10/2025
cobasi;Pet Shop Cobasi Sena Madureira;Rua Sena Madureira;;São Paulo;SP;Sudeste;04021-001;11895578.0;;;2662.0;3500105.0;08/10/2025
cobasi;Pet Shop Cobasi Shop. Estação Cuiabá;Av. Miguel Sutil;;Cuiabá;MT;Centro-Oeste;78040-365;682932.0;;;2276.0;5100102.0;08/10/2025
cobasi;Pet Shop Cobasi Shopping Aricanduva;Av. Aricanduva;;São Paulo;SP;Sudeste;03527-900;11895578.0;;;2662.0;3500105.0;08/10/2025
cobasi;Pet Shop Cobasi Shopping Eldorado;Shopping Eldorado – Av. Rebouças;;São Paulo;SP;Sudeste;05402-600;11895578.0;;;2662.0;3500105.0;08/10/2025
cobasi;Pet Shop Cobasi Sorocaba Av. São Paulo;Rua Antonio Fernandes;;Sorocaba;SP;Sudeste;;757459.0;;;2662.0;3500105.0;08/10/2025
cobasi;Pet Shop Cobasi Sorocaba Itavuvu;Av. Itavuvu;;Sorocaba;SP;Sudeste;18076-005;757459.0;;;2662.0;3500105.0;08/10/2025
cobasi;Pet Shop Cobasi Sorocaba Pannunzio;Av. Dr. Armando Pannunzio;;Sorocaba;SP;Sudeste;18050-000;757459.0;;;2662.0;3500105.0;08/10/2025
cobasi;Pet Shop Cobasi Sorocaba Panorâmico;Rodovia Raposo Tavares;;Sorocaba;SP;Sudeste;18030-005;757459.0;;;2662.0;3500105.0;08/10/2025
cobasi;Pet Shop Cobasi Sumaré;Av. Sumaré;;São Paulo;SP;Sudeste;05016-090;11895578.0;;;2662.0;3500105.0;08/10/2025
cobasi;Pet Shop Cobasi Sumaré ParkCity Shopping;Av. Rebouças;;Sumaré;SP;Sudeste;13171-065;289787.0;;;2662.0;3500105.0;08/10/2025
cobasi;Pet Shop Cobasi São Bernardo Jurubatuba;Rua Jurubatuba;;São Bernardo do Campo;SP;Sudeste;09725-001;840499.0;;;2662.0;3500105.0;08/10/2025
cobasi;Pet Shop Cobasi São Caetano;Alameda Caulim;;São Caetano do Sul;SP;Sudeste;09530-200;172109.0;;;2662.0;3500105.0;08/10/2025
cobasi;Pet Shop Cobasi São Carlos;Rua Passeio dos Flamboyants;;São Carlos;SP;Sudeste;13561-352;265294.0;;;2662.0;3500105.0;08/10/2025
cobasi;Pet Shop Cobasi São José do Rio Preto Falavina;Av. Domingos Falavina;;São José do Rio Preto;SP;Sudeste;15046-265;501597.0;;;2662.0;3500105.0;08/10/2025
cobasi;Pet Shop Cobasi São José do Rio Preto Iguatemi;Av. Juscelino Kubitschek;;São José do Rio Preto;SP;Sudeste;15093-340;501597.0;;;2662.0;3500105.0;08/10/2025
cobasi;Pet Shop Cobasi São José dos Campos;Av. Dep. Benedito Matarazzo;;São José dos Campos;SP;Sudeste;12246-840;724756.0;;;2662.0;3500105.0;08/10/2025
cobasi;Pet Shop Cobasi São José dos Campos Jardim Oriente;Shopping Jd. Oriente - Rua Andorra;;São José dos Campos;SP;Sudeste;12235-050;724756.0;;;2662.0;3500105.0;08/10/2025
cobasi;Pet Shop Cobasi São José dos Campos Nelson D'Ávila;Av. Dr. Nelson D´Ávila;;São José dos Campos;SP;Sudeste;12245-030;724756.0;;;2662.0;3500105.0;08/10/2025
cobasi;Pet Shop Cobasi São José dos Pinhais Av. Torres;Av. Torres;;São José dos Pinhais;PR;Sul;83005-450;345644.0;;;2482.0;4100103.0;08/10/2025
cobasi;Pet Shop Cobasi São Judas;Av. Jabaquara;;São Paulo;SP;Sudeste;04045-003;11895578.0;;;2662.0;3500105.0;08/10/2025
cobasi;Pet Shop Cobasi São Vicente;Avenida Presidente Wilson;;São Vicente;SP;Sudeste;11320-001;338407.0;;;2662.0;3500105.0;08/10/2025
cobasi;Pet Shop Cobasi Tamboré;Alameda Araguaia;;Barueri;SP;Sudeste;06455-000;330339.0;;;2662.0;3500105.0;08/10/2025
cobasi;Pet Shop Cobasi Tatuapé;Rua Visconde de Itaboraí;;São Paulo;SP;Sudeste;03308-050;11895578.0;;;2662.0;3500105.0;08/10/2025
cobasi;Pet Shop Cobasi Taubaté;Av Dom Pedro I;;Taubaté;SP;Sudeste;12081-810;321298.0;;;2662.0;3500105.0;08/10/2025
cobasi;Pet Shop Cobasi Taubaté II;Avenida Charles Schnneider;;Taubaté;SP;Sudeste;12040-000;321298.0;;;2662.0;3500105.0;08/10/2025
cobasi;Pet Shop Cobasi Teodoro Sampaio;Rua Teodoro Sampaio;;São Paulo;SP;Sudeste;05418-020;11895578.0;;;2662.0;3500105.0;08/10/2025
cobasi;Pet Shop Cobasi Teotônio Vilela;Avenida Senador Teotônio Vilela;;São Paulo;SP;Sudeste;04833-000;11895578.0;;;2662.0;3500105.0;08/10/2025
cobasi;Pet Shop Cobasi Tutoia;R. Tutóia;;São Paulo;SP;Sudeste;04007-002;11895578.0;;;2662.0;3500105.0;08/10/2025
cobasi;Pet Shop Cobasi Uberaba;Av. Santos Dumont;;Uberaba;MG;Sudeste;38050-590;354142.0;;;2001.0;3100104.0;08/10/2025
cobasi;Pet Shop Cobasi Uberlândia;Av Rondon Pacheco;;Uberlândia;MG;Sudeste;38400-242;754954.0;;;2001.0;3100104.0;08/10/2025
cobasi;Pet Shop Cobasi Valinhos;Rua Luiz Spiandorelli Neto;;Valinhos;SP;Sudeste;13271-570;131277.0;;;2662.0;3500105.0;08/10/2025
cobasi;Pet Shop Cobasi Via Parque Shopping;Avenida Ayrton Senna;;Rio de Janeiro;RJ;Sudeste;22775-904;6729894.0;;;2490.0;3300100.0;08/10/2025
cobasi;Pet Shop Cobasi Viamão;Rodovia Tapir Rocha;;Viamão;RS;Sul;94440-000;232113.0;;;2608.0;4300034.0;08/10/2025
cobasi;Pet Shop Cobasi Vila Velha;Shopping Vila Velha – Av. Luciano das Neves;;Vila Velha;ES;Sudeste;29107-900;502899.0;;;2111.0;3200102.0;08/10/2025
cobasi;Pet Shop Cobasi Villa Lobos;Rua Manoel Velasco;;São Paulo;SP;Sudeste;05319-010;11895578.0;;;2662.0;3500105.0;08/10/2025
cobasi;Pet Shop Cobasi Vinhedo;Estrada da Boiada;;Vinhedo;SP;Sudeste;13289-020;79235.0;;;2662.0;3500105.0;08/10/2025
cobasi;Pet Shop Cobasi Várzea Grande;Avenida Presidente Arthur Bernardes;;Varzea Grande;MT;Centro-Oeste;78125-100;314627.0;;;2276.0;5100102.0;08/10/2025
cobasi;Pet Shop Cobasi Água Branca;Avenida Francisco Matarazzo;;São Paulo;SP;Sudeste;05001-000;11895578.0;;;2662.0;3500105.0;08/10/2025
cobasi;Pet Shop Cobasi Águas Claras;Avenida Sibipiruna;;Brasília;DF;Centro-Oeste;71928-720;2982818.0;;;3444.0;5300108.0;08/10/2025
cobasi;Pet Shop Mundo Pet Cobasi Aldeota;Av. Senador Virgílio Távora;;Fortaleza;CE;Nordeste;60170-078;2574412.0;;;1225.0;2300101.0;08/10/2025
cobasi;Pet Shop Mundo Pet Cobasi Batista Campos;Travessa São Pedro;;Belém;PA;Norte;66023-570;1398531.0;;;1344.0;1500107.0;08/10/2025
cobasi;Pet Shop Mundo Pet Cobasi Brasília Águas Claras;Rua 35 Norte;;Brasília;DF;Centro-Oeste;71919-000;2982818.0;;;3444.0;5300108.0;08/10/2025
cobasi;Pet Shop Mundo Pet Cobasi Eusébio;Av. Eusébio de Queiroz;;Eusébio;CE;Nordeste;61765-070;80304.0;;;1225.0;2300101.0;08/10/2025
cobasi;Pet Shop Mundo Pet Cobasi Fortaleza Washington Soares;Avenida Washington Soares;;Fortaleza;CE;Nordeste;60810-350;2574412.0;;;1225.0;2300101.0;08/10/2025
cobasi;Pet Shop Mundo Pet Cobasi Goiânia Oeste;Avenida Assis Chateaubriand;;Goiânia;GO;Centro-Oeste;74140-020;1494599.0;;;2098.0;5200050.0;08/10/2025
cobasi;Pet Shop Mundo Pet Cobasi Manaíra Shopping;Av. Governador Flávio Ribeiro Coutinho;;Cabedelo;PB;Nordeste;58102-835;70067.0;;;1401.0;2500106.0;08/10/2025
cobasi;Pet Shop Mundo Pet Cobasi Salvador Graça;Av. Euclydes da Cunha;;Salvador;BA;Nordeste;40150-120;2568928.0;;;1366.0;2900108.0;08/10/2025
cobasi;Pet Shop Mundo Pet Cobasi Salvador Shopping;Avenida Tancredo Neves;;Salvador;BA;Nordeste;41820-910;2568928.0;;;1366.0;2900108.0;08/10/2025
cobasi;Pet Shop Mundo Pet Cobasi Tirol Natal;Av. Prudente de Morais;;Natal;RN;Nordeste;59020-510;785368.0;;;1616.0;2400109.0;08/10/2025
cobasi;Pet&Fácil Washington Luis;Av. Washington Luis;;São Paulo;SP;Sudeste;04627-002;11895578.0;;;2662.0;3500105.0;08/10/2025
petland;Petland Lins;Rua Dom Bosco;Vila Alta;Lins;SP;Sudeste;16400-505;76729.0;;;2662.0;3500105.0;08/10/2025
petland;Petland Vila Gumercindo;Rua Tupanaci;Vila Gumercindo;São Paulo;SP;Sudeste;04131-020;11895578.0;;;2662.0;3500105.0;08/10/2025
petland;Petland Textil;;;São Paulo;SP;Sudeste;03422-001;11895578.0;;;2662.0;3500105.0;08/10/2025
petland;Petland Menino Deus;Avenida Getúlio Vargas;Menino Deus;Porto Alegre;RS;Sul;90150-002;1389322.0;;;2608.0;4300034.0;08/10/2025
petland;Petland Arvoredo;Avenida Princesa Isabel;Parque Recreio;Contagem;MG;Sudeste;32110-000;649975.0;;;2001.0;3100104.0;08/10/2025
petland;Petland Lajeado;Avenida Benjamin Constant;Centro;Lajeado;RS;Sul;95900-056;96651.0;;;2608.0;4300034.0;08/10/2025
petland;Petland Ipiranga;Rua Bom Pastor;Ipiranga;São Paulo;SP;Sudeste;04203-052;11895578.0;;;2662.0;3500105.0;08/10/2025
petland;Petland Chácara Santo Antônio;Rua Cancioneiro Popular;Santo Amaro;São Paulo;SP;Sudeste;04710-000;11895578.0;;;2662.0;3500105.0;08/10/2025
petland;Petland Limeira;Rua Sete de Setembro;Centro;Limeira;SP;Sudeste;13480-150;300728.0;;;2662.0;3500105.0;08/10/2025
petland;Petland Vila Mascote;Avenida Mascote;Vila Mascote;São Paulo;SP;Sudeste;04363-000;11895578.0;;;2662.0;3500105.0;08/10/2025
petland;Petland Tude Bastos;Avenida Irmãos Adorno;Sítio do Campo;Praia Grande;SP;Sudeste;11725-320;365577.0;;;2662.0;3500105.0;08/10/2025
petland;Petland Araçatuba;Rua Sarjob Mendes;Icaray;Araçatuba;SP;Sudeste;16020-360;207775.0;;;2662.0;3500105.0;08/10/2025
petland;Petland Grageru;Avenida Ministro Geraldo Barreto Sobral;Grageru;Aracaju;SE;Nordeste;49027-255;628849.0;;;1473.0;2800100.0;08/10/2025
petland;Petland Aliança;Rua Bom Pastor;Ipiranga;São Paulo;SP;Sudeste;04203-052;11895578.0;;;2662.0;3500105.0;08/10/2025
petland;Petland Outlet Premium Imigrantes;Estrada da Cama Patente;Alvarenga;São Bernardo do Campo;SP;Sudeste;09842-100;840499.0;;;2662.0;3500105.0;08/10/2025
petland;Petland Vila A;Avenida Engenheiro Hildemar Leite França;Vila Residencial A;Foz do Iguaçu;PR;Sul;85860-320;295500.0;;;2482.0;4100103.0;08/10/2025
petland;Petland Tapejara;;;Tapejara;RS;Sul;99950-000;25201.0;;;2608.0;4300034.0;08/10/2025
petland;Petland  São Mateus;Avenida Presidente Itamar Franco;São Mateus;Juiz de Fora;MG;Sudeste;36016-321;565764.0;;;2001.0;3100104.0;08/10/2025
petland;Petland Rio Branco;Avenida Doutor Ulysses Guimarães;Vila Nogueira;Diadema;SP;Sudeste;09990-080;404118.0;;;2662.0;3500105.0;08/10/2025
petland;Petland Parque São Lucas;Rua Francisco Fett;Vila Paulo Silas;São Paulo;SP;Sudeste;03264-000;11895578.0;;;2662.0;3500105.0;08/10/2025
petland;Petland Novo Eldorado;Avenida Doutor Cincinato Cajado Braga;Novo Eldorado;Contagem;MG;Sudeste;32341-310;649975.0;;;2001.0;3100104.0;08/10/2025
petland;Petland Mexicão;Avenida Capitão-mor Aguiar;Centro;São Vicente;SP;Sudeste;11310-201;338407.0;;;2662.0;3500105.0;08/10/2025
petland;Petland Marco Belém;Avenida Rômulo Maiorana;Marco;Belém;PA;Norte;66093-672;1398531.0;;;1344.0;1500107.0;08/10/2025
petland;Petland Jardim das Flores;Rua Osório Duque Estrada;Pestana;Osasco;SP;Sudeste;06122-000;756952.0;;;2662.0;3500105.0;08/10/2025
petland;Petland Horto Florestal;Rua Izidro Roque da Silva Telo;Horto Florestal;Sorocaba;SP;Sudeste;18074-745;757459.0;;;2662.0;3500105.0;08/10/2025
petland;Petland Parque dos Anjos;Avenida Antônio Gomes Correa;Parque dos Anjos;Gravataí;RS;Sul;94190-300;275294.0;;;2608.0;4300034.0;08/10/2025
petland;Petland Mongaguá;;;Mongaguá;SP;Sudeste;11730-000;64519.0;;;2662.0;3500105.0;08/10/2025
petland;Petland Campo Bom;;;Campo Bom;RS;Sul;93700-000;64704.0;;;2608.0;4300034.0;08/10/2025
petland;Petland Brasílio Mall;Rua Brasílio Machado;Centro;São Bernardo do Campo;SP;Sudeste;09715-140;840499.0;;;2662.0;3500105.0;08/10/2025
petland;Petland Bom Fim;Praça da Alfândega;Centro Histórico;Porto Alegre;RS;Sul;90010-150;1389322.0;;;2608.0;4300034.0;08/10/2025
petland;Petland Avenida T1;Avenida T 1;Setor Bueno;Goiânia;GO;Centro-Oeste;74210-025;1494599.0;;;2098.0;5200050.0;08/10/2025
petland;Petland Enseada;Avenida Dom Pedro I;Enseada;Guarujá;SP;Sudeste;11440-000;294973.0;;;2662.0;3500105.0;08/10/2025
petland;Petland Vinhais;Rua do Arame;Vinhais;São Luís;MA;Nordeste;65074-380;1088057.0;;;1077.0;2100055.0;08/10/2025
petland;Petland Vila São Francisco;Avenida Martin Luther King;Cidade São Francisco;São Paulo;SP;Sudeste;05352-020;11895578.0;;;2662.0;3500105.0;08/10/2025
petland;Petland Vila Mirim;Rua Primeiro de Maio;Mirim;Praia Grande;SP;Sudeste;11704-710;365577.0;;;2662.0;3500105.0;08/10/2025
petland;Petland Vila Madalena;Rua Natingui;Vila Madalena;São Paulo;SP;Sudeste;05443-001;11895578.0;;;2662.0;3500105.0;08/10/2025
petland;Petland Presidente Prudente;Rua Álvares Machado;Vila Euclides;Presidente Prudente;SP;Sudeste;19015-450;234083.0;;;2662.0;3500105.0;08/10/2025
petland;Petland Varginha;Avenida Francisco Navarra;Centro;Varginha;MG;Sudeste;37006-003;142802.0;;;2001.0;3100104.0;08/10/2025
petland;Petland Unaí;Rua Eli Pinto de Carvalho;Cruzeiro;Unaí;MG;Sudeste;38616-010;90724.0;;;2001.0;3100104.0;08/10/2025
petland;Petland Tirol;Avenida Hermes da Fonseca;Tirol;Natal;RN;Nordeste;59020-315;785368.0;;;1616.0;2400109.0;08/10/2025
petland;Petland São Caetano do Sul;Rua Rafael Correa Sampaio;Santa Paula;São Caetano do Sul;SP;Sudeste;09541-250;172109.0;;;2662.0;3500105.0;08/10/2025
petland;Petland Santos Dumont;;;Santos Dumont;MG;Sudeste;36240-000;43392.0;;;2001.0;3100104.0;08/10/2025
petland;Petland Santo Antônio;Rua das Magnólias;Jardim Primavera;Guarujá;SP;Sudeste;11432-320;294973.0;;;2662.0;3500105.0;08/10/2025
petland;Petland Saboo;Rua Flaminio Levy;Saboó;Santos;SP;Sudeste;11085-080;429567.0;;;2662.0;3500105.0;08/10/2025
petland;Petland Presidente Venceslau;;;Presidente Venceslau;SP;Sudeste;19400-000;35902.0;;;2662.0;3500105.0;08/10/2025
petland;Petland Presidente Vargas;;;Presidente Venceslau;SP;Sudeste;19400-000;35902.0;;;2662.0;3500105.0;08/10/2025
petland;Petland Petrópolis;Avenida Protásio Alves;Petrópolis;Porto Alegre;RS;Sul;90410-003;1389322.0;;;2608.0;4300034.0;08/10/2025
petland;Petland Ilhabela;;;Ilhabela;SP;Sudeste;11630-000;36329.0;;;2662.0;3500105.0;08/10/2025
petland;Petland Perdizes;Rua Apinajés;Perdizes;São Paulo;SP;Sudeste;05017-000;11895578.0;;;2662.0;3500105.0;08/10/2025
petland;Petland Península;Avenida São Marcos;São Marcos;São Luís;MA;Nordeste;65077-310;1088057.0;;;1077.0;2100055.0;08/10/2025
petland;Petland Pedro Marques;Rua Pedro Marques;Centro;Itapetininga;SP;Sudeste;18200-270;163774.0;;;2662.0;3500105.0;08/10/2025
petland;Petland Santana Pedro Doll;Rua Pedro Doll;Santana;São Paulo;SP;Sudeste;02404-000;11895578.0;;;2662.0;3500105.0;08/10/2025
petland;Petland Paulista;Rua Bela Cintra;Consolação;São Paulo;SP;Sudeste;01415-001;11895578.0;;;2662.0;3500105.0;08/10/2025
petland;Petland Parque das Américas;Rua Bolívia;Parque das Américas;Mauá;SP;Sudeste;09350-636;429380.0;;;2662.0;3500105.0;08/10/2025
petland;Petland Papini;;;São Paulo;SP;Sudeste;04805-110;11895578.0;;;2662.0;3500105.0;08/10/2025
petland;Petland Nicomedes;Avenida Nicomedes Alves dos Santos;Morada da Colina;Uberlândia;MG;Sudeste;38411-106;754954.0;;;2001.0;3100104.0;08/10/2025
petland;Petland Nebraska;Rua Nebraska;Brooklin Novo;São Paulo;SP;Sudeste;04560-010;11895578.0;;;2662.0;3500105.0;08/10/2025
petland;Petland Matozinhos;Avenida Tomé Portes Del Rei;Vila Santo Antônio (Matozinhos);São João Del Rei;MG;Sudeste;36305-058;94062.0;;;2001.0;3100104.0;08/10/2025
petland;Petland Pinheiros – Mateus Grou;Rua Mateus Grou;Pinheiros;São Paulo;SP;Sudeste;05415-050;11895578.0;;;2662.0;3500105.0;08/10/2025
petland;Petland José Menino;Rua Rei Jorge VI;José Menino;Santos;SP;Sudeste;11065-310;429567.0;;;2662.0;3500105.0;08/10/2025
petland;Petland Jasmim;Rua Jasmim;Chácara Primavera;Campinas;SP;Sudeste;13087-460;1185977.0;;;2662.0;3500105.0;08/10/2025
petland;Petland Jardim dos Colibris;Avenida Josué Ferreira da Silva;Jardim dos Colibris;Indaiatuba;SP;Sudeste;13349-125;267796.0;;;2662.0;3500105.0;08/10/2025
petland;Petland Janga;Avenida Doutor Cláudio José Gueiros Leite;Janga;Paulista;PE;Nordeste;53437-000;362960.0;;;1453.0;2600054.0;08/10/2025
petland;Petland Jaguaribe;Avenida Flora;Bussocaba;Osasco;SP;Sudeste;06053-130;756952.0;;;2662.0;3500105.0;08/10/2025
petland;Petland Jaboticabeiras;Praça Marta de Miranda de El Rei;Padre Cursino;Taubaté;SP;Sudeste;12030-760;321298.0;;;2662.0;3500105.0;08/10/2025
petland;Petland Independência;Avenida Independência;Independência;Taubaté;SP;Sudeste;12031-000;321298.0;;;2662.0;3500105.0;08/10/2025
petland;Petland Higienópolis;Praça Vilaboim;Higienópolis;São Paulo;SP;Sudeste;01241-010;11895578.0;;;2662.0;3500105.0;08/10/2025
petland;Petland Guaianazes Otelo;Rua Otelo Augusto Ribeiro;Guaianazes;São Paulo;SP;Sudeste;08412-000;11895578.0;;;2662.0;3500105.0;08/10/2025
petland;Petland Jaú;Rua General Isidoro;Chácara Braz Miraglia;Jaú;SP;Sudeste;17207-270;137323.0;;;2662.0;3500105.0;08/10/2025
petland;Petland Garcia;;;Aracaju;SE;Nordeste;49025-330;628849.0;;;1473.0;2800100.0;08/10/2025
petland;Petland Formiga;Avenida Doutor Henrique Braga;Centro;Formiga;MG;Sudeste;35570-030;70668.0;;;2001.0;3100104.0;08/10/2025
petland;Petland Santa Rosa;Avenida Expedicionário Weber;Central;Santa Rosa;RS;Sul;98787-000;79395.0;;;2608.0;4300034.0;08/10/2025
petland;Petland Dom Nery;Rua Dom Nery;Vila Embaré;Valinhos;SP;Sudeste;13271-170;131277.0;;;2662.0;3500105.0;08/10/2025
petland;Petland Dom Joaquim;Avenida Dom Joaquim;Centro;Pelotas;RS;Sul;96020-260;336131.0;;;2608.0;4300034.0;08/10/2025
petland;Petland Dom Bosco;Avenida Brigadeiro Eduardo Gomes;Dom Bosco;Belo Horizonte;MG;Sudeste;30850-222;2416339.0;;;2001.0;3100104.0;08/10/2025
petland;Petland Cupecê;Avenida Cupecê;Jardim Prudência;São Paulo;SP;Sudeste;04365-000;11895578.0;;;2662.0;3500105.0;08/10/2025
petland;Petland Cidade Nova;Rua Armando Salles de Oliveira;Vila Todos os Santos;Indaiatuba;SP;Sudeste;13330-585;267796.0;;;2662.0;3500105.0;08/10/2025
petland;Petland Bento Gonçalves;Rua Olavo Bilac;Cidade Alta;Bento Gonçalves;RS;Sul;95700-362;127775.0;;;2608.0;4300034.0;08/10/2025
petland;Petland Canal 3;Avenida Washington Luís;Gonzaga;Santos;SP;Sudeste;11055-000;429567.0;;;2662.0;3500105.0;08/10/2025
petland;Petland Campo Belo;Rua Conde de Porto Alegre;Campo Belo;São Paulo;SP;Sudeste;04608-002;11895578.0;;;2662.0;3500105.0;08/10/2025
petland;Petland Cambuí;Rua dos Bandeirantes;Cambuí;Campinas;SP;Sudeste;13024-010;1185977.0;;;2662.0;3500105.0;08/10/2025
petland;Petland Botucatu;Avenida Doutor Vital Brasil;Vila São Lúcio;Botucatu;SP;Sudeste;18603-193;150442.0;;;2662.0;3500105.0;08/10/2025
petland;Petland Bom Retiro;Rua Olga Assunção;Novo Horizonte;Betim;MG;Sudeste;32606-016;429236.0;;;2001.0;3100104.0;08/10/2025
petland;Petland Benjamin Constant;Avenida Benjamin Constant;Floresta;Porto Alegre;RS;Sul;90550-005;1389322.0;;;2608.0;4300034.0;08/10/2025
petland;Petland 13 de Julho;;;Aracaju;SE;Nordeste;49025-630;628849.0;;;1473.0;2800100.0;08/10/2025
petland;Petland Batatais;;;Batatais;SP;Sudeste;14300-000;59873.0;;;2662.0;3500105.0;08/10/2025
petland;Petland Barra Muriaé;Rua Gil Moreira;Barra;Muriaé;MG;Sudeste;36884-112;108161.0;;;2001.0;3100104.0;08/10/2025
petland;Petland Avenida Brasil;Avenida Brasil;Vila Itapura;Campinas;SP;Sudeste;13023-075;1185977.0;;;2662.0;3500105.0;08/10/2025
petland;Petland Araguaína;Rua Vinte e Cinco de Dezembro;Setor Central;Araguaína;TO;Norte;77804-030;181493.0;;;1737.0;1700251.0;08/10/2025
petland;Petland Anália Franco;Rua Professor João de Oliveira Torres;Jardim Anália Franco;São Paulo;SP;Sudeste;03337-010;11895578.0;;;2662.0;3500105.0;08/10/2025
petland;Petland Aclimação;Avenida da Aclimação;Aclimação;São Paulo;SP;Sudeste;01531-000;11895578.0;;;2662.0;3500105.0;08/10/2025
petland;Petland 5 de novembro;Avenida 5 de Novembro;Vila Nastri;Itapetininga;SP;Sudeste;18207-320;163774.0;;;2662.0;3500105.0;08/10/2025
petland;Petland Vila Mariana;Avenida Conselheiro Rodrigues Alves;Vila Mariana;São Paulo;SP;Sudeste;04014-011;11895578.0;;;2662.0;3500105.0;08/10/2025
petland;Petland Vila Clementino;Rua Luís Góis;Mirandópolis;São Paulo;SP;Sudeste;04043-350;11895578.0;;;2662.0;3500105.0;08/10/2025
petland;Petland Turu;Avenida São Luís Rei de França;Turu;São Luís;MA;Nordeste;65065-470;1088057.0;;;1077.0;2100055.0;08/10/2025
petland;Petland Tatuapé;Rua Azevedo Soares;Vila Gomes Cardim;São Paulo;SP;Sudeste;03322-002;11895578.0;;;2662.0;3500105.0;08/10/2025
petland;Petland Sinop;Avenida das Itaúbas;Setor Comercial;Sinop;MT;Centro-Oeste;78550-196;216029.0;;;2276.0;5100102.0;08/10/2025
petland;Petland Rudge Ramos;Avenida Caminho do Mar;Rudge Ramos;São Bernardo do Campo;SP;Sudeste;09609-000;840499.0;;;2662.0;3500105.0;08/10/2025
petland;Petland Rio Madeira;Avenida Prefeito Chiquilito Erse;Embratel;Porto Velho;RO;Norte;76820-763;514873.0;;;1717.0;1100015.0;08/10/2025
petland;Petland Renascença;Avenida Jornalista Miércio Jorge;Jardim Renascença;São Luís;MA;Nordeste;65075-675;1088057.0;;;1077.0;2100055.0;08/10/2025
petland;Petland Canal 6;Avenida Doutor Epitácio Pessoa;Boqueirão;Santos;SP;Sudeste;11045-301;429567.0;;;2662.0;3500105.0;08/10/2025
petland;Petland Pompéia;Rua Euclides da Cunha;Pompéia;Santos;SP;Sudeste;11065-101;429567.0;;;2662.0;3500105.0;08/10/2025
petland;Petland Pedreira;;;Pedreira;SP;Sudeste;13920-000;44332.0;;;2662.0;3500105.0;08/10/2025
petland;Petland Passos;Praça Geraldo da Silva Maia;Centro;Passos;MG;Sudeste;37900-096;116530.0;;;2001.0;3100104.0;08/10/2025
petland;Petland Parque Pinheiros;Rua Doutor Mário Augusto Pereira;Jardim São Paulo;Taboão da Serra;SP;Sudeste;06767-330;284274.0;;;2662.0;3500105.0;08/10/2025
petland;Petland Oficinas;;;Ponta Grossa;PR;Sul;84045-959;372562.0;;;2482.0;4100103.0;08/10/2025
petland;Petland Mooca;Avenida Paes de Barros;Mooca;São Paulo;SP;Sudeste;03114-000;11895578.0;;;2662.0;3500105.0;08/10/2025
petland;Petland Moema Pássaros;Avenida Pavão;Indianópolis;São Paulo;SP;Sudeste;04516-012;11895578.0;;;2662.0;3500105.0;08/10/2025
petland;Petland Moema Índios;Alameda dos Nhambiquaras;Indianópolis;São Paulo;SP;Sudeste;04090-011;11895578.0;;;2662.0;3500105.0;08/10/2025
petland;Petland Marapé;Rua Godofredo Fraga;Marapé;Santos;SP;Sudeste;11070-400;429567.0;;;2662.0;3500105.0;08/10/2025
petland;Petland Praia Grande Mallet;Avenida Marechal Mallet;Canto do Forte;Praia Grande;SP;Sudeste;11700-405;365577.0;;;2662.0;3500105.0;08/10/2025
petland;Petland Mackenzie Mall;Avenida Tucunaré;Tamboré;Barueri;SP;Sudeste;06460-020;330339.0;;;2662.0;3500105.0;08/10/2025
petland;Petland Jóquei Clube;Avenida Jóquei Clube;Jóquei;Teresina;PI;Nordeste;64049-240;902644.0;;;1350.0;2200053.0;08/10/2025
petland;Petland João Fiúsa;Avenida Professor João Fiúsa;Jardim Botânico;Ribeirão Preto;SP;Sudeste;14024-250;728400.0;;;2662.0;3500105.0;08/10/2025
petland;Petland Jardins;Rua Bela Cintra;Consolação;São Paulo;SP;Sudeste;01415-001;11895578.0;;;2662.0;3500105.0;08/10/2025
petland;Petland Jaguaríuna;Avenida Antonio Pinto Catão;Loteamento Capotuna;Jaguariúna;SP;Sudeste;13912-180;61801.0;;;2662.0;3500105.0;08/10/2025
petland;Petland Itararé;Avenida Presidente Wilson;Itararé;São Vicente;SP;Sudeste;11320-001;338407.0;;;2662.0;3500105.0;08/10/2025
petland;Petland Homero;Avenida Homero Castelo Branco;Planalto;Teresina;PI;Nordeste;64050-010;902644.0;;;1350.0;2200053.0;08/10/2025
petland;Petland Guilhermina;Avenida Presidente Kennedy;Guilhermina;Praia Grande;SP;Sudeste;11702-205;365577.0;;;2662.0;3500105.0;08/10/2025
petland;Petland Graça;Rua da Graça;Graça;Salvador;BA;Nordeste;40150-055;2568928.0;;;1366.0;2900108.0;08/10/2025
petland;Petland Embaré;Avenida Doutor Epitácio Pessoa;Boqueirão;Santos;SP;Sudeste;11045-300;429567.0;;;2662.0;3500105.0;08/10/2025
petland;Petland Canal 2;Avenida Doutor Bernardino de Campos;Campo Grande;Santos;SP;Sudeste;11065-003;429567.0;;;2662.0;3500105.0;08/10/2025
petland;Petland Canal 1;Avenida Senador Pinheiro Machado;Marapé;Santos;SP;Sudeste;11075-001;429567.0;;;2662.0;3500105.0;08/10/2025
petland;Petland Campolim;Avenida Antônio Carlos Comitre;Parque Campolim;Sorocaba;SP;Sudeste;18047-620;757459.0;;;2662.0;3500105.0;08/10/2025
petland;Petland Boqueirão;Rua Bento de Abreu;Boqueirão;Santos;SP;Sudeste;11045-140;429567.0;;;2662.0;3500105.0;08/10/2025
petland;Petland Batel;Rua Comendador Araújo;Centro;Curitiba;PR;Sul;80420-000;1829225.0;;;2482.0;4100103.0;08/10/2025
petland;Petland Aparecida;Rua Alexandre Martins;Aparecida;Santos;SP;Sudeste;11025-201;429567.0;;;2662.0;3500105.0;08/10/2025
petland;Petland Alphaville;Avenida Yojiro Takaoka;Alphaville;Santana de Parnaíba;SP;Sudeste;06541-038;162341.0;;;2662.0;3500105.0;08/10/2025
petland;Petland Holandeses;Avenida dos Holandeses;Calhau;São Luís;MA;Nordeste;65071-380;1088057.0;;;1077.0;2100055.0;08/10/2025
petland;Petland Cohatrac;Rua Doze;Cohatrac II;São Luís;MA;Nordeste;65053-820;1088057.0;;;1077.0;2100055.0;08/10/2025
petland;Petland Cohama;Avenida Atlântica;Olho D'Água;São Luís;MA;Nordeste;65067-430;1088057.0;;;1077.0;2100055.0;08/10/2025
petland;Petland Belvedere;Avenida Luíz Paulo Franco;Belvedere;Belo Horizonte;MG;Sudeste;30320-570;2416339.0;;;2001.0;3100104.0;08/10/2025
